	Primer Set	Chrom	Left Primer (LP)	LP Start	LP Stop	LP Melting Temp	Right Primer (RP)	RP Start	RP Stop	RP Melting Temp	QX1793 (REF) amplicon size	QX1794 (ALT) amplicon size
0	1	III	AGGCTGGCATTAAGTGGGTC	11457638	11457658	60.034	ATGGCTGTGAGGTCTTGGTG	11459056	11459076	59.963	1438	1105
1	2	III	AGGCTGGCATTAAGTGGGTC	11457638	11457658	60.034	CTGTGAGGTCTTGGTGGTCG	11459052	11459072	60.32	1434	1101
2	3	III	ACAGGCTGGCATTAAGTGGG	11457636	11457656	60.324	ATGGCTGTGAGGTCTTGGTG	11459056	11459076	59.963	1440	1107
3	4	III	AGGCTGGCATTAAGTGGGTC	11457638	11457658	60.034	GCTGTGAGGTCTTGGTGGTC	11459053	11459073	60.604	1435	1102
4	5	III	ACAGGCTGGCATTAAGTGGG	11457636	11457656	60.324	CTGTGAGGTCTTGGTGGTCG	11459052	11459072	60.32	1436	1103
5	6	III	TTGAACGTTCCGCCAAAGTC	11457544	11457564	59.341	ATGGCTGTGAGGTCTTGGTG	11459056	11459076	59.963	1532	1199
6	7	III	ACAGGCTGGCATTAAGTGGG	11457636	11457656	60.324	GCTGTGAGGTCTTGGTGGTC	11459053	11459073	60.604	1437	1104
7	8	III	ACAGGCTGGCATTAAGTGGG	11457636	11457656	60.324	TGAGGTCTTGGTGGTCGATG	11459049	11459069	59.392	1433	1100
8	9	III	TTGAACGTTCCGCCAAAGTC	11457544	11457564	59.341	GAGGAAACGTTTTGGCAGGG	11458960	11458980	59.686	1436	1103
9	10	III	TTGAACGTTCCGCCAAAGTC	11457544	11457564	59.341	CTGTGAGGTCTTGGTGGTCG	11459052	11459072	60.32	1528	1195
