ordered,region,Primer Set,Chrom,Left Primer (LP),left_id,left_labguru_name,LP Start,LP Stop,LP Melting Temp,Right Primer (RP),right_id,right_labguru_name,RP Start,RP Stop,RP Melting Temp,REF amplicon size,ALT amplicon size,QX1794 genotype,notes
T,III_11505433-11506137,1,III,GAGAGTGAGAGACGCCAGAC,1,oECA1895,11505433,11505453,59.55,AACAGACGCCTACAAGGGTG,1,oECA1897,11506117,11506137,59.965,704,592,ALT,"working multiple times, bands as expected"
T,III_11505433-11506137,2,III,AGTGAGAGACGCCAGACAAG,2,oECA1896,11505436,11505456,59.399,AACAGACGCCTACAAGGGTG,1,oECA1897,11506117,11506137,59.965,701,589,ALT,
T,III_11505433-11506137,3,III,GAGAGTGAGAGACGCCAGAC,1,oECA1895,11505433,11505453,59.55,CCGACAAGGTGTCCTGTAGG,2,oECA1898,11506029,11506049,59.753,616,504,ALT,
F,III_11505433-11506137,4,III,GAGAGAGTGAGAGACGCCAG,3,,11505431,11505451,59.267,AACAGACGCCTACAAGGGTG,1,,11506117,11506137,59.965,706,594,ALT,
F,III_11505433-11506137,5,III,GAGAGTGAGAGACGCCAGAC,1,,11505433,11505453,59.55,CGACAAGGTGTCCTGTAGGC,3,,11506028,11506048,60.39,615,503,ALT,
T,III_12405903-12406368,1,III,CGCGACTACTACAGGCCATG,1,oECA1899,12405907,12405927,60.595,TCGAGCCCGTAAATCGACAC,1,oECA1901,12406344,12406364,60.179,457,391,REF,no
T,III_12405903-12406368,2,III,CTTTGAAGCAGACAGTGGCC,2,oECA1900,12405951,12405971,59.405,TCGAGCCCGTAAATCGACAC,1,oECA1901,12406344,12406364,60.179,413,347,REF,"unkown, run once but postive cont failed. "
T,III_12405903-12406368,3,III,TACACGCGACTACTACAGGC,3,,12405903,12405923,59.271,TCGAGCCCGTAAATCGACAC,1,oECA1901,12406344,12406364,60.179,461,395,REF,
T,III_12405903-12406368,4,III,TTGAAGCAGACAGTGGCCAC,4,,12405953,12405973,60.819,TCGAGCCCGTAAATCGACAC,1,oECA1901,12406344,12406364,60.179,411,345,REF,
T,III_12405903-12406368,5,III,CGCGACTACTACAGGCCATG,1,oECA1899,12405907,12405927,60.595,TGTTGTGCTGTGTACGCATG,2,oECA1902,12406253,12406273,59.414,366,300,REF,"unkown, run once but postive cont failed. "
F,III_12405903-12406368,6,III,CGACTACTACAGGCCATGTCC,5,,12405909,12405930,59.933,TCGAGCCCGTAAATCGACAC,1,,12406344,12406364,60.179,455,389,REF,
F,III_12405903-12406368,7,III,TACACGCGACTACTACAGGC,3,,12405903,12405923,59.271,TGTTGTGCTGTGTACGCATG,2,,12406253,12406273,59.414,370,304,REF,
F,III_12405903-12406368,8,III,CACGCGACTACTACAGGCC,6,,12405905,12405924,60.227,TCGAGCCCGTAAATCGACAC,1,,12406344,12406364,60.179,459,393,REF,
F,III_12405903-12406368,9,III,TGAAGCAGACAGTGGCCAC,7,,12405954,12405973,60.228,TCGAGCCCGTAAATCGACAC,1,,12406344,12406364,60.179,410,344,REF,
F,III_12405903-12406368,10,III,CGCGACTACTACAGGCCATG,1,,12405907,12405927,60.595,CCATTCGAGCCCGTAAATCG,3,,12406348,12406368,59.141,461,395,REF,