"","strain","plate_num","worm_num","lifespan_days","status"
"1","JT11398","1",1,NA,0
"2","JT11398","1",2,NA,0
"3","JT11398","1",3,13,1
"4","JT11398","1",4,16.5,1
"5","JT11398","1",5,12.5,1
"6","JT11398","1",6,12.5,1
"7","JT11398","1",7,15.5,1
"8","JT11398","1",8,16.5,1
"9","JT11398","1",9,4,1
"10","JT11398","1",10,19.5,1
"11","JT11398","1",11,11.5,1
"12","JT11398","1",12,18.5,1
"13","JT11398","1",13,18,1
"14","JT11398","1",14,26.5,1
"15","JT11398","1",15,16,1
"16","JT11398","1",16,14,1
"17","JT11398","1",17,9,1
"18","JT11398","1",18,9.5,1
"19","JT11398","1",19,14.5,1
"20","JT11398","1",20,13,1
"21","LKC34","1",1,NA,0
"22","LKC34","1",2,5,1
"23","LKC34","1",3,13,1
"24","LKC34","1",4,15,1
"25","LKC34","1",5,22.5,1
"26","LKC34","1",6,16.5,1
"27","LKC34","1",7,13.5,1
"28","LKC34","1",8,20,1
"29","LKC34","1",9,15,1
"30","LKC34","1",10,13.5,1
"31","LKC34","1",11,18.5,1
"32","LKC34","1",12,8,1
"33","LKC34","1",13,17,1
"34","LKC34","1",14,11.5,1
"35","LKC34","1",15,17,1
"36","LKC34","1",16,12,1
"37","LKC34","1",17,6,1
"38","LKC34","1",18,5.5,1
"39","LKC34","1",19,17.5,1
"40","LKC34","1",20,9.5,1
"41","EG4725","1",1,7.5,1
"42","EG4725","1",2,22.5,1
"43","EG4725","1",3,26,1
"44","EG4725","1",4,19,1
"45","EG4725","1",5,14,1
"46","EG4725","1",6,16.5,1
"47","EG4725","1",7,NA,0
"48","EG4725","1",8,14,1
"49","EG4725","1",9,14,1
"50","EG4725","1",10,13.5,1
"51","EG4725","1",11,7.5,1
"52","EG4725","1",12,11,1
"53","EG4725","1",13,12,1
"54","EG4725","1",14,9,1
"55","EG4725","1",15,10,1
"56","EG4725","1",16,12.5,1
"57","EG4725","1",17,12.5,1
"58","EG4725","1",18,20.5,1
"59","EG4725","1",19,24,1
"60","EG4725","1",20,26,1
"61","CB4856","1",1,8,1
"62","CB4856","1",2,3,1
"63","CB4856","1",3,8,1
"64","CB4856","1",4,11,1
"65","CB4856","1",5,8,1
"66","CB4856","1",6,8,1
"67","CB4856","1",7,12.5,1
"68","CB4856","1",8,9,1
"69","CB4856","1",9,10,1
"70","CB4856","1",10,14,1
"71","CB4856","1",11,7.5,1
"72","CB4856","1",12,7,1
"73","CB4856","1",13,7.5,1
"74","CB4856","1",14,13,1
"75","CB4856","1",15,13,1
"76","CB4856","1",16,15,1
"77","CB4856","1",17,10,1
"78","CB4856","1",18,11,1
"79","CB4856","1",19,14,1
"80","CB4856","1",20,9.5,1
"81","CX11314","1",1,8.5,1
"82","CX11314","1",2,8.5,1
"83","CX11314","1",3,8.5,1
"84","CX11314","1",4,7,1
"85","CX11314","1",5,8.5,1
"86","CX11314","1",6,9,1
"87","CX11314","1",7,16,1
"88","CX11314","1",8,9.5,1
"89","CX11314","1",9,17.5,1
"90","CX11314","1",10,17.5,1
"91","CX11314","1",11,19,1
"92","CX11314","1",12,13,1
"93","CX11314","1",13,19,1
"94","CX11314","1",14,17,1
"95","CX11314","1",15,18.5,1
"96","CX11314","1",16,14.5,1
"97","CX11314","1",17,13.5,1
"98","CX11314","1",18,18.5,1
"99","CX11314","1",19,19,1
"100","CX11314","1",20,10.5,1
"101","ED3017","1",1,11,1
"102","ED3017","1",2,16,1
"103","ED3017","1",3,5.5,1
"104","ED3017","1",4,5,1
"105","ED3017","1",5,6.5,1
"106","ED3017","1",6,6.5,1
"107","ED3017","1",7,4,1
"108","ED3017","1",8,5,1
"109","ED3017","1",9,7.5,1
"110","ED3017","1",10,17.5,1
"111","ED3017","1",11,15,1
"112","ED3017","1",12,11.5,1
"113","ED3017","1",13,3,1
"114","ED3017","1",14,18.5,1
"115","ED3017","1",15,13,1
"116","ED3017","1",16,20,1
"117","ED3017","1",17,22.5,1
"118","ED3017","1",18,5,1
"119","ED3017","1",19,6,1
"120","ED3017","1",20,6,1
"121","MY23","1",1,NA,0
"122","MY23","1",2,7,1
"123","MY23","1",3,6.5,1
"124","MY23","1",4,8,1
"125","MY23","1",5,6.5,1
"126","MY23","1",6,6.5,1
"127","MY23","1",7,15,1
"128","MY23","1",8,18.5,1
"129","MY23","1",9,21.5,1
"130","MY23","1",10,11.5,1
"131","MY23","1",11,8,1
"132","MY23","1",12,20.5,1
"133","MY23","1",13,16.5,1
"134","MY23","1",14,NA,0
"135","MY23","1",15,19,1
"136","MY23","1",16,9.5,1
"137","MY23","1",17,6,1
"138","MY23","1",18,12,1
"139","MY23","1",19,6.5,1
"140","MY23","1",20,20,1
"141","JU775","1",1,9,1
"142","JU775","1",2,5,1
"143","JU775","1",3,17,1
"144","JU775","1",4,6,1
"145","JU775","1",5,5,1
"146","JU775","1",6,17,1
"147","JU775","1",7,5.5,1
"148","JU775","1",8,17,1
"149","JU775","1",9,12.5,1
"150","JU775","1",10,14.5,1
"151","JU775","1",11,9.5,1
"152","JU775","1",12,16.5,1
"153","JU775","1",13,23.5,1
"154","JU775","1",14,17,1
"155","JU775","1",15,13.5,1
"156","JU775","1",16,9.5,1
"157","JU775","1",17,9,1
"158","JU775","1",18,23,1
"159","JU775","1",19,10,1
"160","JU775","1",20,10.5,1
"161","N2","1",1,11.5,1
"162","N2","1",2,11,1
"163","N2","1",3,11.5,1
"164","N2","1",4,5.5,1
"165","N2","1",5,11.5,1
"166","N2","1",6,8,1
"167","N2","1",7,8,1
"168","N2","1",8,11,1
"169","N2","1",9,12,1
"170","N2","1",10,7.5,1
"171","N2","1",11,11,1
"172","N2","1",12,12,1
"173","N2","1",13,12,1
"174","N2","1",14,12,1
"175","N2","1",15,8,1
"176","N2","1",16,9.5,1
"177","N2","1",17,9,1
"178","N2","1",18,10,1
"179","N2","1",19,12,1
"180","N2","1",20,6.5,1
"181","JU258","1",1,8,1
"182","JU258","1",2,14,1
"183","JU258","1",3,11,1
"184","JU258","1",4,13.5,1
"185","JU258","1",5,10.5,1
"186","JU258","1",6,7.5,1
"187","JU258","1",7,8.5,1
"188","JU258","1",8,3,1
"189","JU258","1",9,18.5,1
"190","JU258","1",10,15,1
"191","JU258","1",11,18.5,1
"192","JU258","1",12,4.5,1
"193","JU258","1",13,17.5,1
"194","JU258","1",14,3,1
"195","JU258","1",15,3.5,1
"196","JU258","1",16,7.5,1
"197","JU258","1",17,14.5,1
"198","JU258","1",18,15,1
"199","JU258","1",19,20,1
"200","JU258","1",20,17.5,1
"201","MY16","1",1,11,1
"202","MY16","1",2,7.5,1
"203","MY16","1",3,13,1
"204","MY16","1",4,5.5,1
"205","MY16","1",5,10.5,1
"206","MY16","1",6,8.5,1
"207","MY16","1",7,23.5,1
"208","MY16","1",8,7,1
"209","MY16","1",9,7,1
"210","MY16","1",10,4,1
"211","MY16","1",11,5.5,1
"212","MY16","1",12,3,1
"213","MY16","1",13,3,1
"214","MY16","1",14,5,1
"215","MY16","1",15,15.5,1
"216","MY16","1",16,6,1
"217","MY16","1",17,3.5,1
"218","MY16","1",18,6,1
"219","MY16","1",19,3,1
"220","MY16","1",20,8.5,1
"221","DL238","1",1,5.5,1
"222","DL238","1",2,6.5,1
"223","DL238","1",3,20,1
"224","DL238","1",4,14.5,1
"225","DL238","1",5,6.5,1
"226","DL238","1",6,5.5,1
"227","DL238","1",7,10,1
"228","DL238","1",8,9,1
"229","DL238","1",9,7,1
"230","DL238","1",10,23,1
"231","DL238","1",11,9.5,1
"232","DL238","1",12,5.5,1
"233","DL238","1",13,5,1
"234","DL238","1",14,6,1
"235","DL238","1",15,3.5,1
"236","DL238","1",16,6,1
"237","DL238","1",17,4,1
"238","DL238","1",18,6,1
"239","DL238","1",19,22,1
"240","DL238","1",20,7,1
"241","JT11398","2",1,NA,0
"242","JT11398","2",2,NA,0
"243","JT11398","2",3,19,1
"244","JT11398","2",4,16,1
"245","JT11398","2",5,8.5,1
"246","JT11398","2",6,16,1
"247","JT11398","2",7,18.5,1
"248","JT11398","2",8,10,1
"249","JT11398","2",9,10.5,1
"250","JT11398","2",10,17.5,1
"251","JT11398","2",11,7.5,1
"252","JT11398","2",12,9,1
"253","JT11398","2",13,15,1
"254","JT11398","2",14,15,1
"255","JT11398","2",15,14.5,1
"256","JT11398","2",16,14.5,1
"257","JT11398","2",17,17.5,1
"258","JT11398","2",18,5,1
"259","JT11398","2",19,11.5,1
"260","JT11398","2",20,9,1
"261","LKC34","2",1,NA,0
"262","LKC34","2",2,8.5,1
"263","LKC34","2",3,16,1
"264","LKC34","2",4,16.5,1
"265","LKC34","2",5,8,1
"266","LKC34","2",6,10.5,1
"267","LKC34","2",7,15.5,1
"268","LKC34","2",8,6,1
"269","LKC34","2",9,12,1
"270","LKC34","2",10,14.5,1
"271","LKC34","2",11,15,1
"272","LKC34","2",12,14.5,1
"273","LKC34","2",13,15,1
"274","LKC34","2",14,5,1
"275","LKC34","2",15,16,1
"276","LKC34","2",16,19.5,1
"277","LKC34","2",17,20,1
"278","LKC34","2",18,22,1
"279","LKC34","2",19,20.5,1
"280","LKC34","2",20,19.5,1
"281","EG4725","2",1,3,1
"282","EG4725","2",2,17,1
"283","EG4725","2",3,16.5,1
"284","EG4725","2",4,4.5,1
"285","EG4725","2",5,20.5,1
"286","EG4725","2",6,21.5,1
"287","EG4725","2",7,18.5,1
"288","EG4725","2",8,8,1
"289","EG4725","2",9,10,1
"290","EG4725","2",10,11,1
"291","EG4725","2",11,11.5,1
"292","EG4725","2",12,12,1
"293","EG4725","2",13,3,1
"294","EG4725","2",14,10.5,1
"295","EG4725","2",15,11.5,1
"296","EG4725","2",16,25.5,1
"297","EG4725","2",17,9.5,1
"298","EG4725","2",18,7,1
"299","EG4725","2",19,7.5,1
"300","EG4725","2",20,12,1
"301","CB4856","2",1,12,1
"302","CB4856","2",2,10.5,1
"303","CB4856","2",3,NA,0
"304","CB4856","2",4,13,1
"305","CB4856","2",5,16,1
"306","CB4856","2",6,8,1
"307","CB4856","2",7,12,1
"308","CB4856","2",8,7.5,1
"309","CB4856","2",9,9.5,1
"310","CB4856","2",10,15,1
"311","CB4856","2",11,7,1
"312","CB4856","2",12,18.5,1
"313","CB4856","2",13,13.5,1
"314","CB4856","2",14,8,1
"315","CB4856","2",15,17,1
"316","CB4856","2",16,9.5,1
"317","CB4856","2",17,6.5,1
"318","CB4856","2",18,10.5,1
"319","CB4856","2",19,9.5,1
"320","CB4856","2",20,11.5,1
"321","CX11314","2",1,5,1
"322","CX11314","2",2,9,1
"323","CX11314","2",3,11,1
"324","CX11314","2",4,16.5,1
"325","CX11314","2",5,8.5,1
"326","CX11314","2",6,10.5,1
"327","CX11314","2",7,14.5,1
"328","CX11314","2",8,7.5,1
"329","CX11314","2",9,10.5,1
"330","CX11314","2",10,10.5,1
"331","CX11314","2",11,12,1
"332","CX11314","2",12,13,1
"333","CX11314","2",13,16.5,1
"334","CX11314","2",14,12,1
"335","CX11314","2",15,16,1
"336","CX11314","2",16,13,1
"337","CX11314","2",17,12,1
"338","CX11314","2",18,15,1
"339","CX11314","2",19,20,1
"340","CX11314","2",20,11,1
"341","ED3017","2",1,12.5,1
"342","ED3017","2",2,NA,0
"343","ED3017","2",3,5,1
"344","ED3017","2",4,6,1
"345","ED3017","2",5,6,1
"346","ED3017","2",6,3,1
"347","ED3017","2",7,3,1
"348","ED3017","2",8,7,1
"349","ED3017","2",9,5,1
"350","ED3017","2",10,6.5,1
"351","ED3017","2",11,5,1
"352","ED3017","2",12,5.5,1
"353","ED3017","2",13,9,1
"354","ED3017","2",14,12.5,1
"355","ED3017","2",15,9.5,1
"356","ED3017","2",16,7.5,1
"357","ED3017","2",17,5,1
"358","ED3017","2",18,5.5,1
"359","ED3017","2",19,14,1
"360","ED3017","2",20,14.5,1
"361","MY23","2",1,NA,0
"362","MY23","2",2,3,1
"363","MY23","2",3,NA,0
"364","MY23","2",4,22.5,1
"365","MY23","2",5,21.5,1
"366","MY23","2",6,11,1
"367","MY23","2",7,9.5,1
"368","MY23","2",8,5.5,1
"369","MY23","2",9,5,1
"370","MY23","2",10,5.5,1
"371","MY23","2",11,13,1
"372","MY23","2",12,13,1
"373","MY23","2",13,6.5,1
"374","MY23","2",14,6.5,1
"375","MY23","2",15,20,1
"376","MY23","2",16,3.5,1
"377","MY23","2",17,13.5,1
"378","MY23","2",18,8.5,1
"379","MY23","2",19,16,1
"380","MY23","2",20,25,1
"381","JU775","2",1,19.5,1
"382","JU775","2",2,14.5,1
"383","JU775","2",3,16.5,1
"384","JU775","2",4,4.5,1
"385","JU775","2",5,18,1
"386","JU775","2",6,11.5,1
"387","JU775","2",7,15.5,1
"388","JU775","2",8,8,1
"389","JU775","2",9,3,1
"390","JU775","2",10,19,1
"391","JU775","2",11,11,1
"392","JU775","2",12,9,1
"393","JU775","2",13,19,1
"394","JU775","2",14,3,1
"395","JU775","2",15,13,1
"396","JU775","2",16,11.5,1
"397","JU775","2",17,6,1
"398","JU775","2",18,9,1
"399","JU775","2",19,17,1
"400","JU775","2",20,11.5,1
"401","N2","2",1,12,1
"402","N2","2",2,12,1
"403","N2","2",3,12.5,1
"404","N2","2",4,7,1
"405","N2","2",5,7.5,1
"406","N2","2",6,8.5,1
"407","N2","2",7,11,1
"408","N2","2",8,11.5,1
"409","N2","2",9,10,1
"410","N2","2",10,9.5,1
"411","N2","2",11,11.5,1
"412","N2","2",12,10,1
"413","N2","2",13,12,1
"414","N2","2",14,13,1
"415","N2","2",15,5.5,1
"416","N2","2",16,12.5,1
"417","N2","2",17,12.5,1
"418","N2","2",18,7.5,1
"419","N2","2",19,11,1
"420","N2","2",20,11,1
"421","JU258","2",1,11.5,1
"422","JU258","2",2,13.5,1
"423","JU258","2",3,12,1
"424","JU258","2",4,6,1
"425","JU258","2",5,10.5,1
"426","JU258","2",6,6,1
"427","JU258","2",7,16.5,1
"428","JU258","2",8,6.5,1
"429","JU258","2",9,12.5,1
"430","JU258","2",10,15.5,1
"431","JU258","2",11,9,1
"432","JU258","2",12,18.5,1
"433","JU258","2",13,13.5,1
"434","JU258","2",14,17.5,1
"435","JU258","2",15,17,1
"436","JU258","2",16,18,1
"437","JU258","2",17,6.5,1
"438","JU258","2",18,19.5,1
"439","JU258","2",19,18,1
"440","JU258","2",20,18,1
"441","MY16","2",1,7.5,1
"442","MY16","2",2,3.5,1
"443","MY16","2",3,18.5,1
"444","MY16","2",4,4.5,1
"445","MY16","2",5,8.5,1
"446","MY16","2",6,16,1
"447","MY16","2",7,10,1
"448","MY16","2",8,7.5,1
"449","MY16","2",9,4,1
"450","MY16","2",10,3.5,1
"451","MY16","2",11,19.5,1
"452","MY16","2",12,5,1
"453","MY16","2",13,17.5,1
"454","MY16","2",14,13,1
"455","MY16","2",15,17,1
"456","MY16","2",16,18,1
"457","MY16","2",17,12,1
"458","MY16","2",18,18.5,1
"459","MY16","2",19,5.5,1
"460","MY16","2",20,18.5,1
"461","DL238","2",1,26,1
"462","DL238","2",2,20.5,1
"463","DL238","2",3,25.5,1
"464","DL238","2",4,21.5,1
"465","DL238","2",5,13.5,1
"466","DL238","2",6,18,1
"467","DL238","2",7,21.5,1
"468","DL238","2",8,10,1
"469","DL238","2",9,10.5,1
"470","DL238","2",10,15.5,1
"471","DL238","2",11,5,1
"472","DL238","2",12,23.5,1
"473","DL238","2",13,4,1
"474","DL238","2",14,20,1
"475","DL238","2",15,6,1
"476","DL238","2",16,20.5,1
"477","DL238","2",17,18.5,1
"478","DL238","2",18,14.5,1
"479","DL238","2",19,23.5,1
"480","DL238","2",20,17.5,1
"481","JT11398","3",1,2.5,1
"482","JT11398","3",2,6,1
"483","JT11398","3",3,6.5,1
"484","JT11398","3",4,12,1
"485","JT11398","3",5,19,1
"486","JT11398","3",6,13,1
"487","JT11398","3",7,14.5,1
"488","JT11398","3",8,6.5,1
"489","JT11398","3",9,16,1
"490","JT11398","3",10,5.5,1
"491","JT11398","3",11,19,1
"492","JT11398","3",12,11.5,1
"493","JT11398","3",13,13,1
"494","JT11398","3",14,12,1
"495","JT11398","3",15,16,1
"496","JT11398","3",16,16,1
"497","JT11398","3",17,16,1
"498","JT11398","3",18,14,1
"499","JT11398","3",19,16,1
"500","JT11398","3",20,NA,0
"501","LKC34","3",1,5.5,1
"502","LKC34","3",2,3,1
"503","LKC34","3",3,10.5,1
"504","LKC34","3",4,14,1
"505","LKC34","3",5,19.5,1
"506","LKC34","3",6,18,1
"507","LKC34","3",7,4.5,1
"508","LKC34","3",8,4.5,1
"509","LKC34","3",9,5,1
"510","LKC34","3",10,6.5,1
"511","LKC34","3",11,19,1
"512","LKC34","3",12,6,1
"513","LKC34","3",13,4.5,1
"514","LKC34","3",14,9.5,1
"515","LKC34","3",15,17.5,1
"516","LKC34","3",16,19,1
"517","LKC34","3",17,22.5,1
"518","LKC34","3",18,8.5,1
"519","LKC34","3",19,23.5,1
"520","LKC34","3",20,21,1
"521","EG4725","3",1,13.5,1
"522","EG4725","3",2,9,1
"523","EG4725","3",3,14,1
"524","EG4725","3",4,4.5,1
"525","EG4725","3",5,5.5,1
"526","EG4725","3",6,NA,0
"527","EG4725","3",7,8,1
"528","EG4725","3",8,12.5,1
"529","EG4725","3",9,22.5,1
"530","EG4725","3",10,20,1
"531","EG4725","3",11,9.5,1
"532","EG4725","3",12,17,1
"533","EG4725","3",13,16,1
"534","EG4725","3",14,11.5,1
"535","EG4725","3",15,8.5,1
"536","EG4725","3",16,12,1
"537","EG4725","3",17,17.5,1
"538","EG4725","3",18,9,1
"539","EG4725","3",19,9,1
"540","EG4725","3",20,7.5,1
"541","CB4856","3",1,9.5,1
"542","CB4856","3",2,9.5,1
"543","CB4856","3",3,8,1
"544","CB4856","3",4,7.5,1
"545","CB4856","3",5,18,1
"546","CB4856","3",6,7,1
"547","CB4856","3",7,NA,0
"548","CB4856","3",8,11,1
"549","CB4856","3",9,6.5,1
"550","CB4856","3",10,9.5,1
"551","CB4856","3",11,11.5,1
"552","CB4856","3",12,9,1
"553","CB4856","3",13,7,1
"554","CB4856","3",14,7.5,1
"555","CB4856","3",15,6.5,1
"556","CB4856","3",16,9.5,1
"557","CB4856","3",17,7.5,1
"558","CB4856","3",18,13,1
"559","CB4856","3",19,9.5,1
"560","CB4856","3",20,6,1
"561","CX11314","3",1,6,1
"562","CX11314","3",2,10,1
"563","CX11314","3",3,7,1
"564","CX11314","3",4,10.5,1
"565","CX11314","3",5,15.5,1
"566","CX11314","3",6,6.5,1
"567","CX11314","3",7,17,1
"568","CX11314","3",8,11.5,1
"569","CX11314","3",9,6.5,1
"570","CX11314","3",10,21,1
"571","CX11314","3",11,11,1
"572","CX11314","3",12,7.5,1
"573","CX11314","3",13,9,1
"574","CX11314","3",14,10.5,1
"575","CX11314","3",15,8,1
"576","CX11314","3",16,10,1
"577","CX11314","3",17,8,1
"578","CX11314","3",18,24,1
"579","CX11314","3",19,18.5,1
"580","CX11314","3",20,20,1
"581","ED3017","3",1,8,1
"582","ED3017","3",2,5,1
"583","ED3017","3",3,4.5,1
"584","ED3017","3",4,4,1
"585","ED3017","3",5,12.5,1
"586","ED3017","3",6,4,1
"587","ED3017","3",7,3.5,1
"588","ED3017","3",8,3,1
"589","ED3017","3",9,3.5,1
"590","ED3017","3",10,5,1
"591","ED3017","3",11,5,1
"592","ED3017","3",12,6,1
"593","ED3017","3",13,3,1
"594","ED3017","3",14,5,1
"595","ED3017","3",15,5,1
"596","ED3017","3",16,4.5,1
"597","ED3017","3",17,5,1
"598","ED3017","3",18,9.5,1
"599","ED3017","3",19,13.5,1
"600","ED3017","3",20,5.5,1
"601","MY23","3",1,3,1
"602","MY23","3",2,5.5,1
"603","MY23","3",3,9,1
"604","MY23","3",4,21,1
"605","MY23","3",5,3,1
"606","MY23","3",6,4.5,1
"607","MY23","3",7,5,1
"608","MY23","3",8,5,1
"609","MY23","3",9,5,1
"610","MY23","3",10,14,1
"611","MY23","3",11,22.5,1
"612","MY23","3",12,15.5,1
"613","MY23","3",13,5,1
"614","MY23","3",14,19,1
"615","MY23","3",15,17,1
"616","MY23","3",16,22.5,1
"617","MY23","3",17,13,1
"618","MY23","3",18,26,1
"619","MY23","3",19,20,1
"620","MY23","3",20,18.5,1
"621","JU775","3",1,19.5,1
"622","JU775","3",2,11,1
"623","JU775","3",3,6.5,1
"624","JU775","3",4,20.5,1
"625","JU775","3",5,11.5,1
"626","JU775","3",6,14.5,1
"627","JU775","3",7,11,1
"628","JU775","3",8,4.5,1
"629","JU775","3",9,12,1
"630","JU775","3",10,18.5,1
"631","JU775","3",11,10,1
"632","JU775","3",12,15.5,1
"633","JU775","3",13,11.5,1
"634","JU775","3",14,19,1
"635","JU775","3",15,15.5,1
"636","JU775","3",16,8.5,1
"637","JU775","3",17,11.5,1
"638","JU775","3",18,24.5,1
"639","JU775","3",19,21.5,1
"640","JU775","3",20,21,1
"641","N2","3",1,11,1
"642","N2","3",2,9,1
"643","N2","3",3,11.5,1
"644","N2","3",4,12,1
"645","N2","3",5,11.5,1
"646","N2","3",6,9.5,1
"647","N2","3",7,11,1
"648","N2","3",8,11,1
"649","N2","3",9,12,1
"650","N2","3",10,10.5,1
"651","N2","3",11,25,1
"652","N2","3",12,11.5,1
"653","N2","3",13,12.5,1
"654","N2","3",14,14,1
"655","N2","3",15,12.5,1
"656","N2","3",16,NA,0
"657","N2","3",17,13,1
"658","N2","3",18,15.5,1
"659","N2","3",19,12.5,1
"660","N2","3",20,13,1
"661","JU258","3",1,11,1
"662","JU258","3",2,14.5,1
"663","JU258","3",3,8.5,1
"664","JU258","3",4,15,1
"665","JU258","3",5,20,1
"666","JU258","3",6,18,1
"667","JU258","3",7,17.5,1
"668","JU258","3",8,20,1
"669","JU258","3",9,NA,0
"670","JU258","3",10,20,1
"671","JU258","3",11,5,1
"672","JU258","3",12,18,1
"673","JU258","3",13,18,1
"674","JU258","3",14,21,1
"675","JU258","3",15,18,1
"676","JU258","3",16,16,1
"677","JU258","3",17,15.5,1
"678","JU258","3",18,18,1
"679","JU258","3",19,13.5,1
"680","JU258","3",20,19,1
"681","MY16","3",1,20.5,1
"682","MY16","3",2,20.5,1
"683","MY16","3",3,18.5,1
"684","MY16","3",4,24,1
"685","MY16","3",5,11.5,1
"686","MY16","3",6,19.5,1
"687","MY16","3",7,16,1
"688","MY16","3",8,9,1
"689","MY16","3",9,6,1
"690","MY16","3",10,15.5,1
"691","MY16","3",11,19,1
"692","MY16","3",12,25.5,1
"693","MY16","3",13,8,1
"694","MY16","3",14,21,1
"695","MY16","3",15,21,1
"696","MY16","3",16,22,1
"697","MY16","3",17,12.5,1
"698","MY16","3",18,9,1
"699","MY16","3",19,7.5,1
"700","MY16","3",20,21.5,1
"701","DL238","3",1,NA,0
"702","DL238","3",2,6.5,1
"703","DL238","3",3,6.5,1
"704","DL238","3",4,6.5,1
"705","DL238","3",5,15,1
"706","DL238","3",6,24,1
"707","DL238","3",7,16,1
"708","DL238","3",8,17.5,1
"709","DL238","3",9,21.5,1
"710","DL238","3",10,21.5,1
"711","DL238","3",11,23.5,1
"712","DL238","3",12,9.5,1
"713","DL238","3",13,24,1
"714","DL238","3",14,18.5,1
"715","DL238","3",15,17.5,1
"716","DL238","3",16,21.5,1
"717","DL238","3",17,20.5,1
"718","DL238","3",18,14,1
"719","DL238","3",19,9,1
"720","DL238","3",20,30,1
"721","JT11398","4",1,16.5,1
"722","JT11398","4",2,16.5,1
"723","JT11398","4",3,14,1
"724","JT11398","4",4,4.5,1
"725","JT11398","4",5,5,1
"726","JT11398","4",6,10.5,1
"727","JT11398","4",7,11,1
"728","JT11398","4",8,8.5,1
"729","JT11398","4",9,7.5,1
"730","JT11398","4",10,7,1
"731","JT11398","4",11,14.5,1
"732","JT11398","4",12,16.5,1
"733","JT11398","4",13,15,1
"734","JT11398","4",14,NA,0
"735","JT11398","4",15,6,1
"736","JT11398","4",16,5,1
"737","JT11398","4",17,7.5,1
"738","JT11398","4",18,6.5,1
"739","JT11398","4",19,6.5,1
"740","JT11398","4",20,8.5,1
"741","LKC34","4",1,16.5,1
"742","LKC34","4",2,16.5,1
"743","LKC34","4",3,17,1
"744","LKC34","4",4,18.5,1
"745","LKC34","4",5,18,1
"746","LKC34","4",6,17.5,1
"747","LKC34","4",7,15,1
"748","LKC34","4",8,13.5,1
"749","LKC34","4",9,15.5,1
"750","LKC34","4",10,8,1
"751","LKC34","4",11,5,1
"752","LKC34","4",12,14,1
"753","LKC34","4",13,14.5,1
"754","LKC34","4",14,8.5,1
"755","LKC34","4",15,9,1
"756","LKC34","4",16,7.5,1
"757","LKC34","4",17,6,1
"758","LKC34","4",18,6.5,1
"759","LKC34","4",19,8,1
"760","LKC34","4",20,14,1
"761","EG4725","4",1,16.5,1
"762","EG4725","4",2,16.5,1
"763","EG4725","4",3,3,1
"764","EG4725","4",4,8,1
"765","EG4725","4",5,11,1
"766","EG4725","4",6,5,1
"767","EG4725","4",7,3,1
"768","EG4725","4",8,3.5,1
"769","EG4725","4",9,9.5,1
"770","EG4725","4",10,10,1
"771","EG4725","4",11,8,1
"772","EG4725","4",12,5,1
"773","EG4725","4",13,5,1
"774","EG4725","4",14,6.5,1
"775","EG4725","4",15,5,1
"776","EG4725","4",16,6,1
"777","EG4725","4",17,6.5,1
"778","EG4725","4",18,4.5,1
"779","EG4725","4",19,10,1
"780","EG4725","4",20,7.5,1
"781","CB4856","4",1,4,1
"782","CB4856","4",2,16.5,1
"783","CB4856","4",3,14.5,1
"784","CB4856","4",4,8,1
"785","CB4856","4",5,8,1
"786","CB4856","4",6,10,1
"787","CB4856","4",7,7,1
"788","CB4856","4",8,15,1
"789","CB4856","4",9,9.5,1
"790","CB4856","4",10,15.5,1
"791","CB4856","4",11,16,1
"792","CB4856","4",12,11,1
"793","CB4856","4",13,6.5,1
"794","CB4856","4",14,9,1
"795","CB4856","4",15,3.5,1
"796","CB4856","4",16,7.5,1
"797","CB4856","4",17,9,1
"798","CB4856","4",18,7,1
"799","CB4856","4",19,12,1
"800","CB4856","4",20,12,1
"801","CX11314","4",1,5.5,1
"802","CX11314","4",2,16.5,1
"803","CX11314","4",3,15.5,1
"804","CX11314","4",4,9,1
"805","CX11314","4",5,11,1
"806","CX11314","4",6,8.5,1
"807","CX11314","4",7,11.5,1
"808","CX11314","4",8,15.5,1
"809","CX11314","4",9,8.5,1
"810","CX11314","4",10,13.5,1
"811","CX11314","4",11,14.5,1
"812","CX11314","4",12,11.5,1
"813","CX11314","4",13,7,1
"814","CX11314","4",14,8.5,1
"815","CX11314","4",15,5,1
"816","CX11314","4",16,9.5,1
"817","CX11314","4",17,6,1
"818","CX11314","4",18,7,1
"819","CX11314","4",19,18.5,1
"820","CX11314","4",20,11,1
"821","ED3017","4",1,7,1
"822","ED3017","4",2,16.5,1
"823","ED3017","4",3,14,1
"824","ED3017","4",4,6,1
"825","ED3017","4",5,14,1
"826","ED3017","4",6,NA,0
"827","ED3017","4",7,5,1
"828","ED3017","4",8,15,1
"829","ED3017","4",9,3,1
"830","ED3017","4",10,11,1
"831","ED3017","4",11,12,1
"832","ED3017","4",12,11,1
"833","ED3017","4",13,8,1
"834","ED3017","4",14,3.5,1
"835","ED3017","4",15,5,1
"836","ED3017","4",16,7.5,1
"837","ED3017","4",17,6,1
"838","ED3017","4",18,6,1
"839","ED3017","4",19,13.5,1
"840","ED3017","4",20,8.5,1
"841","MY23","4",1,4.5,1
"842","MY23","4",2,16.5,1
"843","MY23","4",3,17,1
"844","MY23","4",4,15.5,1
"845","MY23","4",5,17,1
"846","MY23","4",6,8.5,1
"847","MY23","4",7,17,1
"848","MY23","4",8,15.5,1
"849","MY23","4",9,15.5,1
"850","MY23","4",10,14.5,1
"851","MY23","4",11,13.5,1
"852","MY23","4",12,7.5,1
"853","MY23","4",13,14,1
"854","MY23","4",14,15.5,1
"855","MY23","4",15,11.5,1
"856","MY23","4",16,10,1
"857","MY23","4",17,9,1
"858","MY23","4",18,18.5,1
"859","MY23","4",19,11.5,1
"860","MY23","4",20,17,1
"861","JU775","4",1,11,1
"862","JU775","4",2,14.5,1
"863","JU775","4",3,21,1
"864","JU775","4",4,18.5,1
"865","JU775","4",5,19,1
"866","JU775","4",6,19.5,1
"867","JU775","4",7,16.5,1
"868","JU775","4",8,14,1
"869","JU775","4",9,15.5,1
"870","JU775","4",10,13.5,1
"871","JU775","4",11,15.5,1
"872","JU775","4",12,19,1
"873","JU775","4",13,14,1
"874","JU775","4",14,6,1
"875","JU775","4",15,11,1
"876","JU775","4",16,NA,0
"877","JU775","4",17,NA,0
"878","JU775","4",18,NA,0
"879","JU775","4",19,NA,0
"880","JU775","4",20,NA,0
"881","N2","4",1,11.5,1
"882","N2","4",2,10.5,1
"883","N2","4",3,15,1
"884","N2","4",4,9.5,1
"885","N2","4",5,10.5,1
"886","N2","4",6,10.5,1
"887","N2","4",7,11.5,1
"888","N2","4",8,9,1
"889","N2","4",9,11.5,1
"890","N2","4",10,13.5,1
"891","N2","4",11,12,1
"892","N2","4",12,9.5,1
"893","N2","4",13,10,1
"894","N2","4",14,10.5,1
"895","N2","4",15,7.5,1
"896","N2","4",16,10.5,1
"897","N2","4",17,11,1
"898","N2","4",18,9,1
"899","N2","4",19,11.5,1
"900","N2","4",20,12,1
"901","JU258","4",1,12,1
"902","JU258","4",2,14.5,1
"903","JU258","4",3,8,1
"904","JU258","4",4,6.5,1
"905","JU258","4",5,10,1
"906","JU258","4",6,10,1
"907","JU258","4",7,5,1
"908","JU258","4",8,12,1
"909","JU258","4",9,8,1
"910","JU258","4",10,10,1
"911","JU258","4",11,9.5,1
"912","JU258","4",12,7,1
"913","JU258","4",13,6.5,1
"914","JU258","4",14,6,1
"915","JU258","4",15,5,1
"916","JU258","4",16,10,1
"917","JU258","4",17,9,1
"918","JU258","4",18,15.5,1
"919","JU258","4",19,9.5,1
"920","JU258","4",20,12,1
"921","MY16","4",1,14,1
"922","MY16","4",2,15.5,1
"923","MY16","4",3,18.5,1
"924","MY16","4",4,15.5,1
"925","MY16","4",5,17.5,1
"926","MY16","4",6,NA,0
"927","MY16","4",7,17,1
"928","MY16","4",8,7.5,1
"929","MY16","4",9,19.5,1
"930","MY16","4",10,17.5,1
"931","MY16","4",11,18,1
"932","MY16","4",12,19.5,1
"933","MY16","4",13,15,1
"934","MY16","4",14,4.5,1
"935","MY16","4",15,6,1
"936","MY16","4",16,9.5,1
"937","MY16","4",17,16.5,1
"938","MY16","4",18,20,1
"939","MY16","4",19,21.5,1
"940","MY16","4",20,15,1
"941","DL238","4",1,10.5,1
"942","DL238","4",2,14,1
"943","DL238","4",3,9,1
"944","DL238","4",4,11,1
"945","DL238","4",5,11,1
"946","DL238","4",6,6,1
"947","DL238","4",7,12,1
"948","DL238","4",8,13.5,1
"949","DL238","4",9,10,1
"950","DL238","4",10,NA,0
"951","DL238","4",11,6.5,1
"952","DL238","4",12,14.5,1
"953","DL238","4",13,12,1
"954","DL238","4",14,15.5,1
"955","DL238","4",15,15.5,1
"956","DL238","4",16,14,1
"957","DL238","4",17,7,1
"958","DL238","4",18,10.5,1
"959","DL238","4",19,13.5,1
"960","DL238","4",20,14.5,1
"961","JT11398","5",1,5.5,1
"962","JT11398","5",2,5,1
"963","JT11398","5",3,8,1
"964","JT11398","5",4,4,1
"965","JT11398","5",5,9.5,1
"966","JT11398","5",6,NA,0
"967","JT11398","5",7,3.5,1
"968","JT11398","5",8,3,1
"969","JT11398","5",9,2.5,1
"970","JT11398","5",10,5,1
"971","JT11398","5",11,3.5,1
"972","JT11398","5",12,9,1
"973","JT11398","5",13,4,1
"974","JT11398","5",14,5.5,1
"975","JT11398","5",15,7,1
"976","JT11398","5",16,4,1
"977","JT11398","5",17,14,1
"978","JT11398","5",18,9.5,1
"979","JT11398","5",19,6,1
"980","JT11398","5",20,14.5,1
"981","LKC34","5",1,6.5,1
"982","LKC34","5",2,7.5,1
"983","LKC34","5",3,3.5,1
"984","LKC34","5",4,7,1
"985","LKC34","5",5,10,1
"986","LKC34","5",6,6.5,1
"987","LKC34","5",7,7.5,1
"988","LKC34","5",8,4,1
"989","LKC34","5",9,2.5,1
"990","LKC34","5",10,2.5,1
"991","LKC34","5",11,7.5,1
"992","LKC34","5",12,5,1
"993","LKC34","5",13,8,1
"994","LKC34","5",14,15,1
"995","LKC34","5",15,10.5,1
"996","LKC34","5",16,6.5,1
"997","LKC34","5",17,13,1
"998","LKC34","5",18,16,1
"999","LKC34","5",19,8,1
"1000","LKC34","5",20,4,1
"1001","EG4725","5",1,2,1
"1002","EG4725","5",2,2.5,1
"1003","EG4725","5",3,14,1
"1004","EG4725","5",4,8,1
"1005","EG4725","5",5,5,1
"1006","EG4725","5",6,8.5,1
"1007","EG4725","5",7,6.5,1
"1008","EG4725","5",8,NA,0
"1009","EG4725","5",9,2,1
"1010","EG4725","5",10,1.5,1
"1011","EG4725","5",11,2,1
"1012","EG4725","5",12,3.5,1
"1013","EG4725","5",13,4,1
"1014","EG4725","5",14,8,1
"1015","EG4725","5",15,10,1
"1016","EG4725","5",16,2.5,1
"1017","EG4725","5",17,5,1
"1018","EG4725","5",18,7,1
"1019","EG4725","5",19,9,1
"1020","EG4725","5",20,8.5,1
"1021","CB4856","5",1,3,1
"1022","CB4856","5",2,10.5,1
"1023","CB4856","5",3,10.5,1
"1024","CB4856","5",4,4,1
"1025","CB4856","5",5,5.5,1
"1026","CB4856","5",6,NA,0
"1027","CB4856","5",7,3,1
"1028","CB4856","5",8,12,1
"1029","CB4856","5",9,5,1
"1030","CB4856","5",10,4,1
"1031","CB4856","5",11,6,1
"1032","CB4856","5",12,6,1
"1033","CB4856","5",13,2,1
"1034","CB4856","5",14,2,1
"1035","CB4856","5",15,10.5,1
"1036","CB4856","5",16,3.5,1
"1037","CB4856","5",17,12,1
"1038","CB4856","5",18,10.5,1
"1039","CB4856","5",19,7,1
"1040","CB4856","5",20,14,1
"1041","CX11314","5",1,13,1
"1042","CX11314","5",2,8.5,1
"1043","CX11314","5",3,2,1
"1044","CX11314","5",4,7,1
"1045","CX11314","5",5,5.5,1
"1046","CX11314","5",6,7.5,1
"1047","CX11314","5",7,9,1
"1048","CX11314","5",8,NA,0
"1049","CX11314","5",9,7,1
"1050","CX11314","5",10,8,1
"1051","CX11314","5",11,1.5,1
"1052","CX11314","5",12,6.5,1
"1053","CX11314","5",13,NA,0
"1054","CX11314","5",14,9.5,1
"1055","CX11314","5",15,4,1
"1056","CX11314","5",16,13.5,1
"1057","CX11314","5",17,14.5,1
"1058","CX11314","5",18,9.5,1
"1059","CX11314","5",19,10,1
"1060","CX11314","5",20,12.5,1
"1061","ED3017","5",1,9,1
"1062","ED3017","5",2,4,1
"1063","ED3017","5",3,3.5,1
"1064","ED3017","5",4,5,1
"1065","ED3017","5",5,2,1
"1066","ED3017","5",6,2,1
"1067","ED3017","5",7,NA,0
"1068","ED3017","5",8,15.5,1
"1069","ED3017","5",9,2,1
"1070","ED3017","5",10,2,1
"1071","ED3017","5",11,2.5,1
"1072","ED3017","5",12,4,1
"1073","ED3017","5",13,3.5,1
"1074","ED3017","5",14,9,1
"1075","ED3017","5",15,3.5,1
"1076","ED3017","5",16,10,1
"1077","ED3017","5",17,8,1
"1078","ED3017","5",18,6.5,1
"1079","ED3017","5",19,13.5,1
"1080","ED3017","5",20,12,1
"1081","MY23","5",1,NA,0
"1082","MY23","5",2,16.5,1
"1083","MY23","5",3,10.5,1
"1084","MY23","5",4,10.5,1
"1085","MY23","5",5,15.5,1
"1086","MY23","5",6,3.5,1
"1087","MY23","5",7,5.5,1
"1088","MY23","5",8,5,1
"1089","MY23","5",9,2,1
"1090","MY23","5",10,2,1
"1091","MY23","5",11,6,1
"1092","MY23","5",12,2.5,1
"1093","MY23","5",13,8,1
"1094","MY23","5",14,8,1
"1095","MY23","5",15,6.5,1
"1096","MY23","5",16,5.5,1
"1097","MY23","5",17,14,1
"1098","MY23","5",18,15,1
"1099","MY23","5",19,5,1
"1100","MY23","5",20,16,1
"1101","JU775","5",1,9.5,1
"1102","JU775","5",2,9.5,1
"1103","JU775","5",3,4,1
"1104","JU775","5",4,9,1
"1105","JU775","5",5,16.5,1
"1106","JU775","5",6,14,1
"1107","JU775","5",7,14,1
"1108","JU775","5",8,8.5,1
"1109","JU775","5",9,13.5,1
"1110","JU775","5",10,7,1
"1111","JU775","5",11,8.5,1
"1112","JU775","5",12,4,1
"1113","JU775","5",13,15.5,1
"1114","JU775","5",14,5,1
"1115","JU775","5",15,13,1
"1116","JU775","5",16,10.5,1
"1117","JU775","5",17,13.5,1
"1118","JU775","5",18,10,1
"1119","JU775","5",19,8,1
"1120","JU775","5",20,9,1
"1121","N2","5",1,13,1
"1122","N2","5",2,13,1
"1123","N2","5",3,7,1
"1124","N2","5",4,NA,0
"1125","N2","5",5,13,1
"1126","N2","5",6,9.5,1
"1127","N2","5",7,13,1
"1128","N2","5",8,13,1
"1129","N2","5",9,14,1
"1130","N2","5",10,12,1
"1131","N2","5",11,9,1
"1132","N2","5",12,13,1
"1133","N2","5",13,5.5,1
"1134","N2","5",14,10,1
"1135","N2","5",15,9,1
"1136","N2","5",16,7,1
"1137","N2","5",17,13,1
"1138","N2","5",18,14,1
"1139","N2","5",19,10.5,1
"1140","N2","5",20,15,1
"1141","JU258","5",1,17,1
"1142","JU258","5",2,3,1
"1143","JU258","5",3,2,1
"1144","JU258","5",4,8.5,1
"1145","JU258","5",5,8,1
"1146","JU258","5",6,7.5,1
"1147","JU258","5",7,2,1
"1148","JU258","5",8,10,1
"1149","JU258","5",9,7,1
"1150","JU258","5",10,7.5,1
"1151","JU258","5",11,2,1
"1152","JU258","5",12,7,1
"1153","JU258","5",13,9,1
"1154","JU258","5",14,7.5,1
"1155","JU258","5",15,3.5,1
"1156","JU258","5",16,9,1
"1157","JU258","5",17,12,1
"1158","JU258","5",18,10.5,1
"1159","JU258","5",19,8.5,1
"1160","JU258","5",20,14,1
"1161","MY16","5",1,18.5,1
"1162","MY16","5",2,10,1
"1163","MY16","5",3,15.5,1
"1164","MY16","5",4,9.5,1
"1165","MY16","5",5,2,1
"1166","MY16","5",6,8.5,1
"1167","MY16","5",7,7.5,1
"1168","MY16","5",8,7.5,1
"1169","MY16","5",9,2,1
"1170","MY16","5",10,2,1
"1171","MY16","5",11,4,1
"1172","MY16","5",12,3.5,1
"1173","MY16","5",13,16,1
"1174","MY16","5",14,9.5,1
"1175","MY16","5",15,3,1
"1176","MY16","5",16,3,1
"1177","MY16","5",17,2.5,1
"1178","MY16","5",18,5,1
"1179","MY16","5",19,2.5,1
"1180","MY16","5",20,3,1
"1181","DL238","5",1,8,1
"1182","DL238","5",2,10.5,1
"1183","DL238","5",3,3,1
"1184","DL238","5",4,5,1
"1185","DL238","5",5,5,1
"1186","DL238","5",6,12,1
"1187","DL238","5",7,5,1
"1188","DL238","5",8,15,1
"1189","DL238","5",9,10.5,1
"1190","DL238","5",10,10.5,1
"1191","DL238","5",11,10.5,1
"1192","DL238","5",12,2,1
"1193","DL238","5",13,5.5,1
"1194","DL238","5",14,12,1
"1195","DL238","5",15,4,1
"1196","DL238","5",16,5.5,1
"1197","DL238","5",17,13,1
"1198","DL238","5",18,7.5,1
"1199","DL238","5",19,10,1
"1200","DL238","5",20,12,1
"1201","JT11398","6",1,9.5,1
"1202","JT11398","6",2,16.5,1
"1203","JT11398","6",3,14.5,1
"1204","JT11398","6",4,10,1
"1205","JT11398","6",5,7.5,1
"1206","JT11398","6",6,2,1
"1207","JT11398","6",7,12.5,1
"1208","JT11398","6",8,10,1
"1209","JT11398","6",9,6,1
"1210","JT11398","6",10,10,1
"1211","JT11398","6",11,10.5,1
"1212","JT11398","6",12,15.5,1
"1213","JT11398","6",13,8,1
"1214","JT11398","6",14,7,1
"1215","JT11398","6",15,6,1
"1216","JT11398","6",16,17.5,1
"1217","JT11398","6",17,20.5,1
"1218","JT11398","6",18,15,1
"1219","JT11398","6",19,18.5,1
"1220","JT11398","6",20,13.5,1
"1221","LKC34","6",1,20,1
"1222","LKC34","6",2,16.5,1
"1223","LKC34","6",3,5,1
"1224","LKC34","6",4,10.5,1
"1225","LKC34","6",5,8.5,1
"1226","LKC34","6",6,8,1
"1227","LKC34","6",7,16,1
"1228","LKC34","6",8,19.5,1
"1229","LKC34","6",9,15,1
"1230","LKC34","6",10,17.5,1
"1231","LKC34","6",11,19.5,1
"1232","LKC34","6",12,13.5,1
"1233","LKC34","6",13,16.5,1
"1234","LKC34","6",14,8,1
"1235","LKC34","6",15,9.5,1
"1236","LKC34","6",16,12,1
"1237","LKC34","6",17,18,1
"1238","LKC34","6",18,NA,0
"1239","LKC34","6",19,10,1
"1240","LKC34","6",20,24,1
"1241","EG4725","6",1,6,1
"1242","EG4725","6",2,12.5,1
"1243","EG4725","6",3,10,1
"1244","EG4725","6",4,6,1
"1245","EG4725","6",5,15,1
"1246","EG4725","6",6,10.5,1
"1247","EG4725","6",7,10,1
"1248","EG4725","6",8,14,1
"1249","EG4725","6",9,19,1
"1250","EG4725","6",10,5,1
"1251","EG4725","6",11,13,1
"1252","EG4725","6",12,15.5,1
"1253","EG4725","6",13,17,1
"1254","EG4725","6",14,5.5,1
"1255","EG4725","6",15,NA,0
"1256","EG4725","6",16,20,1
"1257","EG4725","6",17,10,1
"1258","EG4725","6",18,15,1
"1259","EG4725","6",19,4,1
"1260","EG4725","6",20,13,1
"1261","CB4856","6",1,NA,0
"1262","CB4856","6",2,NA,0
"1263","CB4856","6",3,NA,0
"1264","CB4856","6",4,NA,0
"1265","CB4856","6",5,NA,0
"1266","CB4856","6",6,NA,0
"1267","CB4856","6",7,NA,0
"1268","CB4856","6",8,NA,0
"1269","CB4856","6",9,NA,0
"1270","CB4856","6",10,NA,0
"1271","CB4856","6",11,NA,0
"1272","CB4856","6",12,NA,0
"1273","CB4856","6",13,NA,0
"1274","CB4856","6",14,NA,0
"1275","CB4856","6",15,NA,0
"1276","CB4856","6",16,NA,0
"1277","CB4856","6",17,NA,0
"1278","CB4856","6",18,NA,0
"1279","CB4856","6",19,NA,0
"1280","CB4856","6",20,NA,0
"1281","CX11314","6",1,10.5,1
"1282","CX11314","6",2,5.5,1
"1283","CX11314","6",3,8.5,1
"1284","CX11314","6",4,12.5,1
"1285","CX11314","6",5,5,1
"1286","CX11314","6",6,14,1
"1287","CX11314","6",7,8,1
"1288","CX11314","6",8,6.5,1
"1289","CX11314","6",9,16.5,1
"1290","CX11314","6",10,17,1
"1291","CX11314","6",11,25,1
"1292","CX11314","6",12,13,1
"1293","CX11314","6",13,12.5,1
"1294","CX11314","6",14,17.5,1
"1295","CX11314","6",15,4.5,1
"1296","CX11314","6",16,9,1
"1297","CX11314","6",17,12.5,1
"1298","CX11314","6",18,7.5,1
"1299","CX11314","6",19,19,1
"1300","CX11314","6",20,8,1
"1301","ED3017","6",1,17,1
"1302","ED3017","6",2,15.5,1
"1303","ED3017","6",3,8.5,1
"1304","ED3017","6",4,2.5,1
"1305","ED3017","6",5,12,1
"1306","ED3017","6",6,12,1
"1307","ED3017","6",7,4,1
"1308","ED3017","6",8,16.5,1
"1309","ED3017","6",9,15.5,1
"1310","ED3017","6",10,5.5,1
"1311","ED3017","6",11,13.5,1
"1312","ED3017","6",12,14.5,1
"1313","ED3017","6",13,18,1
"1314","ED3017","6",14,12.5,1
"1315","ED3017","6",15,18.5,1
"1316","ED3017","6",16,14.5,1
"1317","ED3017","6",17,9,1
"1318","ED3017","6",18,4,1
"1319","ED3017","6",19,12.5,1
"1320","ED3017","6",20,17,1
"1321","MY23","6",1,NA,0
"1322","MY23","6",2,9,1
"1323","MY23","6",3,8,1
"1324","MY23","6",4,12.5,1
"1325","MY23","6",5,12,1
"1326","MY23","6",6,15.5,1
"1327","MY23","6",7,5,1
"1328","MY23","6",8,12,1
"1329","MY23","6",9,17,1
"1330","MY23","6",10,21,1
"1331","MY23","6",11,17.5,1
"1332","MY23","6",12,17,1
"1333","MY23","6",13,16.5,1
"1334","MY23","6",14,9.5,1
"1335","MY23","6",15,15,1
"1336","MY23","6",16,17,1
"1337","MY23","6",17,NA,0
"1338","MY23","6",18,8,1
"1339","MY23","6",19,NA,0
"1340","MY23","6",20,4.5,1
"1341","JU775","6",1,NA,0
"1342","JU775","6",2,NA,0
"1343","JU775","6",3,NA,0
"1344","JU775","6",4,NA,0
"1345","JU775","6",5,NA,0
"1346","JU775","6",6,NA,0
"1347","JU775","6",7,NA,0
"1348","JU775","6",8,NA,0
"1349","JU775","6",9,NA,0
"1350","JU775","6",10,NA,0
"1351","JU775","6",11,NA,0
"1352","JU775","6",12,NA,0
"1353","JU775","6",13,NA,0
"1354","JU775","6",14,NA,0
"1355","JU775","6",15,NA,0
"1356","JU775","6",16,NA,0
"1357","JU775","6",17,NA,0
"1358","JU775","6",18,NA,0
"1359","JU775","6",19,NA,0
"1360","JU775","6",20,NA,0
"1361","N2","6",1,16,1
"1362","N2","6",2,15,1
"1363","N2","6",3,15.5,1
"1364","N2","6",4,13,1
"1365","N2","6",5,10,1
"1366","N2","6",6,7.5,1
"1367","N2","6",7,12,1
"1368","N2","6",8,10.5,1
"1369","N2","6",9,9.5,1
"1370","N2","6",10,8.5,1
"1371","N2","6",11,13,1
"1372","N2","6",12,12,1
"1373","N2","6",13,14.5,1
"1374","N2","6",14,13,1
"1375","N2","6",15,15.5,1
"1376","N2","6",16,10,1
"1377","N2","6",17,14,1
"1378","N2","6",18,4,1
"1379","N2","6",19,16,1
"1380","N2","6",20,17,1
"1381","JU258","6",1,15.5,1
"1382","JU258","6",2,5.5,1
"1383","JU258","6",3,3,1
"1384","JU258","6",4,7.5,1
"1385","JU258","6",5,10,1
"1386","JU258","6",6,2,1
"1387","JU258","6",7,4.5,1
"1388","JU258","6",8,20.5,1
"1389","JU258","6",9,9,1
"1390","JU258","6",10,8,1
"1391","JU258","6",11,2.5,1
"1392","JU258","6",12,9.5,1
"1393","JU258","6",13,5,1
"1394","JU258","6",14,14,1
"1395","JU258","6",15,2,1
"1396","JU258","6",16,12.5,1
"1397","JU258","6",17,13,1
"1398","JU258","6",18,20,1
"1399","JU258","6",19,6,1
"1400","JU258","6",20,14.5,1
"1401","MY16","6",1,5,1
"1402","MY16","6",2,3,1
"1403","MY16","6",3,6.5,1
"1404","MY16","6",4,10,1
"1405","MY16","6",5,5,1
"1406","MY16","6",6,24.5,1
"1407","MY16","6",7,3.5,1
"1408","MY16","6",8,5.5,1
"1409","MY16","6",9,18.5,1
"1410","MY16","6",10,6.5,1
"1411","MY16","6",11,5.5,1
"1412","MY16","6",12,7,1
"1413","MY16","6",13,10,1
"1414","MY16","6",14,18.5,1
"1415","MY16","6",15,5,1
"1416","MY16","6",16,6,1
"1417","MY16","6",17,17.5,1
"1418","MY16","6",18,3,1
"1419","MY16","6",19,4,1
"1420","MY16","6",20,18.5,1
"1421","DL238","6",1,19.5,1
"1422","DL238","6",2,13,1
"1423","DL238","6",3,13,1
"1424","DL238","6",4,18,1
"1425","DL238","6",5,18.5,1
"1426","DL238","6",6,NA,0
"1427","DL238","6",7,12.5,1
"1428","DL238","6",8,NA,0
"1429","DL238","6",9,9,1
"1430","DL238","6",10,12.5,1
"1431","DL238","6",11,13,1
"1432","DL238","6",12,22,1
"1433","DL238","6",13,13,1
"1434","DL238","6",14,7.5,1
"1435","DL238","6",15,18,1
"1436","DL238","6",16,12.5,1
"1437","DL238","6",17,NA,0
"1438","DL238","6",18,12,1
"1439","DL238","6",19,7,1
"1440","DL238","6",20,15,1
