region,Primer Set,Chrom,Left Primer (LP),left_id,left_labguru_name,LP Start,LP Stop,LP Melting Temp,Right Primer (RP),right_id,right_labguru_name,RP Start,RP Stop,RP Melting Temp,QX1794 (REF) amplicon size,CX11264 (REF) amplicon size,QX1793 (ALT) amplicon size,cM
III_12061350-12061498,1,III,TCCGAAAATTTGAATTCCCGCC,1,oECA1869,12060999,12061021,60.094,CAGTTGTGTCGTTGAGCTGC,1,oECA1871,12061759,12061779,60.042,780,780,632,14.697
III_12061350-12061498,2,III,TCCGAAAATTTGAATTCCCGCC,1,oECA1869,12060999,12061021,60.094,GCAGTTGTGTCGTTGAGCTG,2,oECA1872,12061760,12061780,60.042,781,781,633,14.697
III_12061350-12061498,3,III,TCCGAAAATTTGAATTCCCGCC,1,oECA1869,12060999,12061021,60.094,CGTTTGTGGCATCGTTCGAG,3,oECA1873,12061731,12061751,60.179,752,752,604,14.697
III_12061350-12061498,4,III,CCGAAAATTTGAATTCCCGCC,2,oECA1870,12061000,12061021,58.733,CAGTTGTGTCGTTGAGCTGC,1,oECA1871,12061759,12061779,60.042,779,779,631,14.697
III_12061350-12061498,5,III,CCGAAAATTTGAATTCCCGCC,2,oECA1870,12061000,12061021,58.733,GCAGTTGTGTCGTTGAGCTG,2,oECA1872,12061760,12061780,60.042,780,780,632,14.697
III_12061350-12061498,6,III,CCGAAAATTTGAATTCCCGCC,2,oECA1870,12061000,12061021,58.733,CGTTTGTGGCATCGTTCGAG,3,oECA1873,12061731,12061751,60.179,751,751,603,14.697
III_12061350-12061498,7,III,TCCGAAAATTTGAATTCCCGCC,1,,12060999,12061021,60.094,GACGTTTGTGGCATCGTTCG,4,,12061733,12061753,60.45,754,754,606,14.697
III_12061350-12061498,8,III,TCCGAAAATTTGAATTCCCGCC,1,,12060999,12061021,60.094,CGACGTTTGTGGCATCGTTC,5,,12061734,12061754,60.45,755,755,607,14.697
III_12187488-12187550,1,III,GCCACTATGTTGGTAGTTTGCG,3,oECA1874,12187300,12187322,60.16,GGTTGAACGACATAGAGACGC,6,oECA1875,12187711,12187732,59.081,432,432,370,15.7888
III_12192308-12192382,1,III,CAATTCGCCGGTTTGCCTAG,4,oECA1876,12192045,12192065,59.901,GGAAGTTGCTTGTGGTCTGG,7,oECA1877,12192578,12192598,59.046,553,553,479,15.9044
,,,,,,,,,,,,,,,,,,
,,,,,,,,,,,,,,,,,,
,,,,,,,,,,,,,,,,,,
,,,,,,,,,,,,,,,,,,
,,,,,,,,,,,,,,,,,,
,,,,,,,,,,,,,,,,,,
,,,,,,,,,,,,,,,,,,
,,,,,,,,,,,,,,,,,,
,,,,,,,,,,,,,,,,,,