,Lifespan,Stimulated_Activity,,,,,,,,,,,,,,,,Baseline_Activity,,,,,,,,,,,,,,,
Time_days,-1,1.5,3.5,5,6.5,8.5,10,12,14,15,16,18,21,24,26,29.5,33,1.5,3.5,5,6.5,8.5,10,12,14,15,16,18,21,24,26,29.5,33
N2,NaN,0,0,0,0,0,0,0,0,0,0,0,0,0,0,0,0,0,0,0,0,0,0,0,0,0,0,0,0,0,0,0,0
N2,16,69,50,113,45,32,103,196,70,44,NaN,NaN,NaN,NaN,NaN,NaN,NaN,40,6,19,142,16,106,104,1,50,NaN,NaN,NaN,NaN,NaN,NaN,NaN
N2,NaN,0,0,0,0,0,0,0,0,0,0,0,0,0,0,0,0,0,0,0,0,0,0,0,0,0,0,0,0,0,0,0,0
N2,18,94,90,211,139,162,97,92,134,64,57,NaN,NaN,NaN,NaN,NaN,NaN,14,63,103,120,191,180,145,65,42,19,NaN,NaN,NaN,NaN,NaN,NaN
N2,21,104,120,234,188,22,170,20,114,0,1,6,NaN,NaN,NaN,NaN,NaN,19,36,288,93,216,211,0,185,6,0,4,NaN,NaN,NaN,NaN,NaN
N2,NaN,0,0,0,0,0,0,0,0,0,0,0,0,0,0,0,0,0,0,0,0,0,0,0,0,0,0,0,0,0,0,0,0
N2,16,279,189,304,157,103,44,52,57,208,NaN,NaN,NaN,NaN,NaN,NaN,NaN,183,70,218,251,159,140,83,43,123,NaN,NaN,NaN,NaN,NaN,NaN,NaN
N2,NaN,0,0,0,0,0,0,0,0,0,0,0,0,0,0,0,0,0,0,0,0,0,0,0,0,0,0,0,0,0,0,0,0
N2,21,245,113,194,150,117,105,165,26,108,0,15,NaN,NaN,NaN,NaN,NaN,147,166,228,242,169,88,193,12,90,0,0,NaN,NaN,NaN,NaN,NaN
N2,NaN,0,0,0,0,0,0,0,0,0,0,0,0,0,0,0,0,0,0,0,0,0,0,0,0,0,0,0,0,0,0,0,0
N2,NaN,0,0,0,0,0,0,0,0,0,0,0,0,0,0,0,0,0,0,0,0,0,0,0,0,0,0,0,0,0,0,0,0
N2,18,132,150,205,183,113,111,142,8,4,49,NaN,NaN,NaN,NaN,NaN,NaN,113,156,251,267,117,134,95,180,19,10,NaN,NaN,NaN,NaN,NaN,NaN
N2,18,30,0,101,0,14,0,18,0,0,9,NaN,NaN,NaN,NaN,NaN,NaN,45,0,88,0,40,80,0,36,0,0,NaN,NaN,NaN,NaN,NaN,NaN
N2,NaN,0,0,0,0,0,0,0,0,0,0,0,0,0,0,0,0,0,0,0,0,0,0,0,0,0,0,0,0,0,0,0,0
N2,NaN,0,0,0,0,0,0,0,0,0,0,0,0,0,0,0,0,0,0,0,0,0,0,0,0,0,0,0,0,0,0,0,0
N2,NaN,0,0,0,0,0,0,0,0,0,0,0,0,0,0,0,0,0,0,0,0,0,0,0,0,0,0,0,0,0,0,0,0
N2,NaN,0,0,0,0,0,0,0,0,0,0,0,0,0,0,0,0,0,0,0,0,0,0,0,0,0,0,0,0,0,0,0,0
N2,NaN,0,0,0,0,0,0,0,0,0,0,0,0,0,0,0,0,0,0,0,0,0,0,0,0,0,0,0,0,0,0,0,0
N2,NaN,0,0,0,0,0,0,0,0,0,0,0,0,0,0,0,0,0,0,0,0,0,0,0,0,0,0,0,0,0,0,0,0
N2,NaN,0,0,0,0,0,0,0,0,0,0,0,0,0,0,0,0,0,0,0,0,0,0,0,0,0,0,0,0,0,0,0,0
EG4725,18,0,167,179,250,59,36,97,64,22,74,NaN,NaN,NaN,NaN,NaN,NaN,0,76,215,105,117,23,23,25,2302,63,NaN,NaN,NaN,NaN,NaN,NaN
EG4725,18,203,102,201,206,42,83,78,4,23,28,NaN,NaN,NaN,NaN,NaN,NaN,0,165,94,15,41,101,35,44,641,38,NaN,NaN,NaN,NaN,NaN,NaN
EG4725,14,69,92,156,41,95,20,94,NaN,NaN,NaN,NaN,NaN,NaN,NaN,NaN,NaN,61,61,120,36,103,13,22,NaN,NaN,NaN,NaN,NaN,NaN,NaN,NaN,NaN
EG4725,15,138,238,278,26,270,74,127,25,NaN,NaN,NaN,NaN,NaN,NaN,NaN,NaN,159,154,869,46,254,66,488,14,NaN,NaN,NaN,NaN,NaN,NaN,NaN,NaN
EG4725,21,145,110,316,89,11,129,147,151,130,22,0,NaN,NaN,NaN,NaN,NaN,88,200,835,66,157,22,2894,266,14,0,24,NaN,NaN,NaN,NaN,NaN
EG4725,18,101,41,153,130,107,291,74,242,101,0,NaN,NaN,NaN,NaN,NaN,NaN,8,222,19,177,87,162,2356,158,152,67,NaN,NaN,NaN,NaN,NaN,NaN
EG4725,26,155,289,222,99,292,181,0,214,153,50,27,0,5,NaN,NaN,NaN,85,149,197,225,226,107,0,172,146,43,0,0,0,NaN,NaN,NaN
EG4725,21,164,218,219,194,154,16,29,222,6,0,52,NaN,NaN,NaN,NaN,NaN,230,54,12,588,342,81,8,251,26,1,0,NaN,NaN,NaN,NaN,NaN
EG4725,18,162,224,248,215,147,124,34,43,0,175,NaN,NaN,NaN,NaN,NaN,NaN,163,223,229,2056,245,186,205,81,0,192,NaN,NaN,NaN,NaN,NaN,NaN
EG4725,18,183,102,171,274,129,146,27,115,19,166,NaN,NaN,NaN,NaN,NaN,NaN,0,68,75,2400,285,163,208,198,12,200,NaN,NaN,NaN,NaN,NaN,NaN
EG4725,21,154,198,134,105,101,214,0,0,0,0,11,NaN,NaN,NaN,NaN,NaN,91,41,209,263,56,74,8,3,7,0,0,NaN,NaN,NaN,NaN,NaN
EG4725,15,53,309,85,165,38,169,12,94,NaN,NaN,NaN,NaN,NaN,NaN,NaN,NaN,13,155,150,40,190,220,0,140,NaN,NaN,NaN,NaN,NaN,NaN,NaN,NaN
EG4725,16,132,42,138,86,127,221,6,31,0,NaN,NaN,NaN,NaN,NaN,NaN,NaN,121,59,100,120,167,71,1,223,45,NaN,NaN,NaN,NaN,NaN,NaN,NaN
EG4725,18,15,119,93,252,26,39,0,0,0,87,NaN,NaN,NaN,NaN,NaN,NaN,26,39,0,130,27,2,2,11,0,248,NaN,NaN,NaN,NaN,NaN,NaN
EG4725,24,141,308,127,346,243,270,19,117,14,214,0,206,NaN,NaN,NaN,NaN,137,263,239,183,177,454,7,171,88,181,0,113,NaN,NaN,NaN,NaN
EG4725,16,0,164,167,160,34,74,66,30,19,NaN,NaN,NaN,NaN,NaN,NaN,NaN,0,87,114,239,120,94,6,9,0,NaN,NaN,NaN,NaN,NaN,NaN,NaN
EG4725,16,71,8,0,55,36,205,102,10,12,NaN,NaN,NaN,NaN,NaN,NaN,NaN,126,73,15,280,224,238,121,137,73,NaN,NaN,NaN,NaN,NaN,NaN,NaN
EG4725,18,0,225,242,172,147,239,0,84,103,0,NaN,NaN,NaN,NaN,NaN,NaN,195,256,173,141,286,241,7,103,47,85,NaN,NaN,NaN,NaN,NaN,NaN
EG4725,24,114,186,21,13,73,54,195,86,78,12,0,42,NaN,NaN,NaN,NaN,257,122,13,0,15,0,17,90,25,0,0,0,NaN,NaN,NaN,NaN
EG4725,18,51,81,129,91,137,77,127,22,13,9,NaN,NaN,NaN,NaN,NaN,NaN,159,100,229,81,161,84,59,27,26,0,NaN,NaN,NaN,NaN,NaN,NaN
LKC34,16,36,93,52,124,35,3,0,0,45,NaN,NaN,NaN,NaN,NaN,NaN,NaN,0,32,115,56,133,65,1,0,53,NaN,NaN,NaN,NaN,NaN,NaN,NaN
LKC34,15,4,28,16,131,12,239,28,63,NaN,NaN,NaN,NaN,NaN,NaN,NaN,NaN,1,69,96,287,34,182,5,4,NaN,NaN,NaN,NaN,NaN,NaN,NaN,NaN
LKC34,NaN,0,0,0,0,0,0,0,0,0,0,0,0,0,0,0,0,0,0,0,0,0,0,0,0,0,0,0,0,0,0,0,0
LKC34,12,302,241,179,371,359,63,NaN,NaN,NaN,NaN,NaN,NaN,NaN,NaN,NaN,NaN,0,171,397,376,321,60,NaN,NaN,NaN,NaN,NaN,NaN,NaN,NaN,NaN,NaN
LKC34,24,43,167,319,89,207,178,139,4,179,0,0,34,NaN,NaN,NaN,NaN,108,517,181,164,299,328,67,95,17,0,0,0,NaN,NaN,NaN,NaN
LKC34,18,0,102,70,16,91,0,0,28,2,0,NaN,NaN,NaN,NaN,NaN,NaN,0,123,66,131,135,6,0,12,0,128,NaN,NaN,NaN,NaN,NaN,NaN
LKC34,21,158,195,27,130,63,120,16,5,11,0,43,NaN,NaN,NaN,NaN,NaN,145,222,106,91,80,81,206,114,113,103,29,NaN,NaN,NaN,NaN,NaN
LKC34,18,70,94,116,207,208,104,88,3,0,151,NaN,NaN,NaN,NaN,NaN,NaN,5,90,121,287,178,54,144,0,0,0,NaN,NaN,NaN,NaN,NaN,NaN
LKC34,18,177,295,288,297,110,212,72,29,64,151,NaN,NaN,NaN,NaN,NaN,NaN,210,247,329,426,201,264,285,27,20,23,NaN,NaN,NaN,NaN,NaN,NaN
LKC34,24,182,121,144,191,127,126,108,21,1,0,0,5,NaN,NaN,NaN,NaN,23,261,187,193,219,225,220,28,1,0,0,0,NaN,NaN,NaN,NaN
LKC34,15,124,88,105,99,211,249,27,10,NaN,NaN,NaN,NaN,NaN,NaN,NaN,NaN,27,199,209,162,175,207,14,1,NaN,NaN,NaN,NaN,NaN,NaN,NaN,NaN
LKC34,16,91,219,218,209,283,20,98,21,60,NaN,NaN,NaN,NaN,NaN,NaN,NaN,5,203,218,143,231,47,2,73,54,NaN,NaN,NaN,NaN,NaN,NaN,NaN
LKC34,NaN,0,0,0,0,0,0,0,0,0,0,0,0,0,0,0,0,0,0,0,0,0,0,0,0,0,0,0,0,0,0,0,0
LKC34,15,120,81,238,251,41,165,211,53,NaN,NaN,NaN,NaN,NaN,NaN,NaN,NaN,161,197,201,185,59,186,153,32,NaN,NaN,NaN,NaN,NaN,NaN,NaN,NaN
LKC34,24,154,110,235,360,186,147,109,5,0,0,0,22,NaN,NaN,NaN,NaN,115,281,144,212,224,197,220,0,0,0,0,0,NaN,NaN,NaN,NaN
LKC34,16,130,239,253,313,234,133,149,57,0,NaN,NaN,NaN,NaN,NaN,NaN,NaN,230,279,223,279,238,170,128,28,25,NaN,NaN,NaN,NaN,NaN,NaN,NaN
LKC34,18,105,222,80,256,143,116,145,97,83,12,NaN,NaN,NaN,NaN,NaN,NaN,142,185,278,295,121,153,108,46,14,6,NaN,NaN,NaN,NaN,NaN,NaN
LKC34,21,216,162,204,284,226,18,120,166,0,0,60,NaN,NaN,NaN,NaN,NaN,213,190,184,293,187,186,120,34,0,11,74,NaN,NaN,NaN,NaN,NaN
LKC34,16,113,182,294,191,192,183,144,0,15,NaN,NaN,NaN,NaN,NaN,NaN,NaN,266,254,202,181,46,125,108,0,0,NaN,NaN,NaN,NaN,NaN,NaN,NaN
LKC34,16,0,25,164,5,15,85,39,30,46,NaN,NaN,NaN,NaN,NaN,NaN,NaN,0,34,105,0,55,95,19,0,0,NaN,NaN,NaN,NaN,NaN,NaN,NaN
CX11314,18,73,155,32,224,126,150,0,0,0,0,NaN,NaN,NaN,NaN,NaN,NaN,17,57,0,0,137,0,0,0,773,5,NaN,NaN,NaN,NaN,NaN,NaN
CX11314,18,9,11,0,66,11,215,9,10,19,66,NaN,NaN,NaN,NaN,NaN,NaN,0,67,0,56,43,26,0,0,533,12,NaN,NaN,NaN,NaN,NaN,NaN
CX11314,18,0,103,19,0,0,97,0,142,37,59,NaN,NaN,NaN,NaN,NaN,NaN,0,10,80,0,0,45,0,222,82,9,NaN,NaN,NaN,NaN,NaN,NaN
CX11314,18,0,93,3,0,12,88,2,0,0,23,NaN,NaN,NaN,NaN,NaN,NaN,0,99,955,0,32,32,296,0,0,13,NaN,NaN,NaN,NaN,NaN,NaN
CX11314,16,36,215,212,7,1,25,0,13,16,NaN,NaN,NaN,NaN,NaN,NaN,NaN,2,143,793,157,57,26,2643,22,60,NaN,NaN,NaN,NaN,NaN,NaN,NaN
CX11314,21,70,38,72,23,72,70,39,138,35,0,48,NaN,NaN,NaN,NaN,NaN,5,4,85,131,116,23,1541,232,47,0,1,NaN,NaN,NaN,NaN,NaN
CX11314,NaN,0,0,0,0,0,0,0,0,0,0,0,0,0,0,0,0,0,0,0,0,0,0,0,0,0,0,0,0,0,0,0,0
CX11314,16,7,196,135,71,21,0,0,61,35,NaN,NaN,NaN,NaN,NaN,NaN,NaN,0,72,132,143,21,62,0,9,6,NaN,NaN,NaN,NaN,NaN,NaN,NaN
CX11314,16,8,284,253,71,49,46,20,27,51,NaN,NaN,NaN,NaN,NaN,NaN,NaN,4,69,146,1692,50,132,0,0,0,NaN,NaN,NaN,NaN,NaN,NaN,NaN
CX11314,16,150,81,62,182,74,52,81,6,19,NaN,NaN,NaN,NaN,NaN,NaN,NaN,133,38,16,2247,66,44,72,0,7,NaN,NaN,NaN,NaN,NaN,NaN,NaN
CX11314,18,202,223,163,211,154,144,135,71,0,7,NaN,NaN,NaN,NaN,NaN,NaN,203,43,123,1072,126,132,81,118,0,9,NaN,NaN,NaN,NaN,NaN,NaN
CX11314,18,205,172,51,123,80,260,103,33,43,9,NaN,NaN,NaN,NaN,NaN,NaN,12,46,118,59,86,194,171,24,82,9,NaN,NaN,NaN,NaN,NaN,NaN
CX11314,21,11,41,108,66,85,47,71,92,187,8,10,NaN,NaN,NaN,NaN,NaN,2,3,32,53,19,33,100,200,194,0,0,NaN,NaN,NaN,NaN,NaN
CX11314,NaN,0,0,0,0,0,0,0,0,0,0,0,0,0,0,0,0,0,0,0,0,0,0,0,0,0,0,0,0,0,0,0,0
CX11314,18,58,118,144,75,57,35,0,5,5,39,NaN,NaN,NaN,NaN,NaN,NaN,71,112,226,19,139,46,3,9,30,63,NaN,NaN,NaN,NaN,NaN,NaN
CX11314,NaN,0,0,0,0,0,0,0,0,0,0,0,0,0,0,0,0,0,0,0,0,0,0,0,0,0,0,0,0,0,0,0,0
CX11314,18,1,130,132,134,20,4,0,17,29,57,NaN,NaN,NaN,NaN,NaN,NaN,3,82,135,26,25,170,10,0,19,0,NaN,NaN,NaN,NaN,NaN,NaN
CX11314,18,4,206,65,42,0,291,0,20,9,231,NaN,NaN,NaN,NaN,NaN,NaN,18,123,219,59,0,62,0,77,83,0,NaN,NaN,NaN,NaN,NaN,NaN
CX11314,24,156,135,106,72,166,30,0,149,85,32,0,15,NaN,NaN,NaN,NaN,14,204,75,44,103,124,0,137,15,46,0,46,NaN,NaN,NaN,NaN
CX11314,15,80,132,169,168,46,119,26,137,NaN,NaN,NaN,NaN,NaN,NaN,NaN,NaN,0,30,81,93,74,141,4,85,NaN,NaN,NaN,NaN,NaN,NaN,NaN,NaN
JT11398,NaN,0,0,0,0,0,0,0,0,0,0,0,0,0,0,0,0,0,0,0,0,0,0,0,0,0,0,0,0,0,0,0,0
JT11398,18,70,124,211,208,86,172,127,136,81,9,NaN,NaN,NaN,NaN,NaN,NaN,16,195,71,39,66,331,16,27,63,6,NaN,NaN,NaN,NaN,NaN,NaN
JT11398,14,122,144,137,129,36,158,0,NaN,NaN,NaN,NaN,NaN,NaN,NaN,NaN,NaN,0,148,33,46,71,155,90,NaN,NaN,NaN,NaN,NaN,NaN,NaN,NaN,NaN
JT11398,16,94,29,66,173,0,123,63,49,129,NaN,NaN,NaN,NaN,NaN,NaN,NaN,0,223,195,128,100,71,70,10,105,NaN,NaN,NaN,NaN,NaN,NaN,NaN
JT11398,16,148,413,219,109,179,124,13,13,92,NaN,NaN,NaN,NaN,NaN,NaN,NaN,88,335,234,235,184,34,1137,10,233,NaN,NaN,NaN,NaN,NaN,NaN,NaN
JT11398,16,98,58,52,67,152,72,125,90,142,NaN,NaN,NaN,NaN,NaN,NaN,NaN,67,5,91,96,36,78,730,64,64,NaN,NaN,NaN,NaN,NaN,NaN,NaN
JT11398,33,297,286,176,162,228,67,103,32,7,0,8,34,0,9,19,NaN,5,181,214,79,26,87,33,75,43,0,29,0,22,0,0,NaN
JT11398,16,153,182,246,186,256,61,103,143,31,NaN,NaN,NaN,NaN,NaN,NaN,NaN,193,169,211,215,238,89,220,93,9,NaN,NaN,NaN,NaN,NaN,NaN,NaN
JT11398,15,190,258,245,219,130,253,147,130,NaN,NaN,NaN,NaN,NaN,NaN,NaN,NaN,113,270,233,106,212,272,343,6,NaN,NaN,NaN,NaN,NaN,NaN,NaN,NaN
JT11398,NaN,0,0,0,0,0,0,0,0,0,0,0,0,0,0,0,0,0,0,0,0,0,0,0,0,0,0,0,0,0,0,0,0
JT11398,15,61,328,76,49,233,241,172,179,NaN,NaN,NaN,NaN,NaN,NaN,NaN,NaN,77,106,189,291,191,357,37,132,NaN,NaN,NaN,NaN,NaN,NaN,NaN,NaN
JT11398,14,91,173,122,130,170,11,36,NaN,NaN,NaN,NaN,NaN,NaN,NaN,NaN,NaN,0,180,102,8,82,25,98,NaN,NaN,NaN,NaN,NaN,NaN,NaN,NaN,NaN
JT11398,14,0,0,102,193,0,65,44,NaN,NaN,NaN,NaN,NaN,NaN,NaN,NaN,NaN,0,7,30,47,0,0,48,NaN,NaN,NaN,NaN,NaN,NaN,NaN,NaN,NaN
JT11398,18,112,148,152,267,166,70,177,0,3,136,NaN,NaN,NaN,NaN,NaN,NaN,167,192,155,168,81,280,245,0,0,81,NaN,NaN,NaN,NaN,NaN,NaN
JT11398,24,81,147,359,183,154,191,66,0,6,155,0,22,NaN,NaN,NaN,NaN,13,103,256,155,149,138,66,0,8,52,0,0,NaN,NaN,NaN,NaN
JT11398,18,309,251,173,122,90,169,54,87,153,0,NaN,NaN,NaN,NaN,NaN,NaN,59,260,180,197,100,168,120,0,117,8,NaN,NaN,NaN,NaN,NaN,NaN
JT11398,18,129,187,160,30,31,149,316,101,52,40,NaN,NaN,NaN,NaN,NaN,NaN,101,190,201,223,0,308,48,0,0,156,NaN,NaN,NaN,NaN,NaN,NaN
JT11398,18,158,224,259,261,158,195,69,9,9,166,NaN,NaN,NaN,NaN,NaN,NaN,32,323,242,40,189,185,55,77,102,133,NaN,NaN,NaN,NaN,NaN,NaN
JT11398,33,66,262,233,181,254,48,10,47,55,0,0,63,4,0,10,NaN,0,246,308,98,13,210,9,83,9,287,0,0,0,0,11,NaN
JT11398,16,291,167,132,70,0,96,0,39,0,NaN,NaN,NaN,NaN,NaN,NaN,NaN,56,143,59,116,1,120,30,42,29,NaN,NaN,NaN,NaN,NaN,NaN,NaN
JU775,16,139,97,51,146,375,301,174,0,27,NaN,NaN,NaN,NaN,NaN,NaN,NaN,150,89,97,102,204,27,229,1,0,NaN,NaN,NaN,NaN,NaN,NaN,NaN
JU775,33,188,108,182,240,223,267,245,191,197,127,32,187,16,1,14,NaN,160,105,28,150,193,187,175,251,128,133,39,38,0,9,0,NaN
JU775,21,100,172,49,75,183,20,418,311,41,160,38,NaN,NaN,NaN,NaN,NaN,135,141,120,64,178,15,253,282,52,131,3,NaN,NaN,NaN,NaN,NaN
JU775,18,74,54,22,60,283,255,137,173,7,98,NaN,NaN,NaN,NaN,NaN,NaN,0,0,29,222,201,208,1073,177,0,83,NaN,NaN,NaN,NaN,NaN,NaN
JU775,NaN,0,0,0,0,0,0,0,0,0,0,0,0,0,0,0,0,0,0,0,0,0,0,0,0,0,0,0,0,0,0,0,0
JU775,NaN,0,0,0,0,0,0,0,0,0,0,0,0,0,0,0,0,0,0,0,0,0,0,0,0,0,0,0,0,0,0,0,0
JU775,16,204,74,224,304,242,269,326,401,10,NaN,NaN,NaN,NaN,NaN,NaN,NaN,187,118,314,223,300,326,289,371,22,NaN,NaN,NaN,NaN,NaN,NaN,NaN
JU775,NaN,0,0,0,0,0,0,0,0,0,0,0,0,0,0,0,0,0,0,0,0,0,0,0,0,0,0,0,0,0,0,0,0
JU775,21,168,154,194,406,296,346,3,147,8,33,0,NaN,NaN,NaN,NaN,NaN,181,103,360,206,158,210,0,46,0,2,13,NaN,NaN,NaN,NaN,NaN
JU775,15,143,189,162,316,476,135,63,0,NaN,NaN,NaN,NaN,NaN,NaN,NaN,NaN,0,194,323,337,318,131,60,29,NaN,NaN,NaN,NaN,NaN,NaN,NaN,NaN
JU775,24,174,250,160,480,514,330,304,130,148,130,188,12,NaN,NaN,NaN,NaN,198,279,181,330,430,359,312,153,267,228,70,0,NaN,NaN,NaN,NaN
JU775,29.5,167,220,267,326,289,351,284,215,369,231,292,26,202,70,NaN,NaN,2,209,235,287,316,349,290,156,360,228,248,110,189,90,NaN,NaN
JU775,NaN,0,0,0,0,0,0,0,0,0,0,0,0,0,0,0,0,0,0,0,0,0,0,0,0,0,0,0,0,0,0,0,0
JU775,NaN,0,0,0,0,0,0,0,0,0,0,0,0,0,0,0,0,0,0,0,0,0,0,0,0,0,0,0,0,0,0,0,0
JU775,18,228,179,88,317,115,102,0,90,69,39,NaN,NaN,NaN,NaN,NaN,NaN,230,150,180,249,306,148,0,57,33,56,NaN,NaN,NaN,NaN,NaN,NaN
JU775,18,2,0,132,111,3,92,75,26,89,140,NaN,NaN,NaN,NaN,NaN,NaN,2,32,110,144,116,87,147,2,230,269,NaN,NaN,NaN,NaN,NaN,NaN
JU775,21,173,209,188,84,63,209,3,79,174,141,117,NaN,NaN,NaN,NaN,NaN,147,208,116,110,106,22,256,104,312,277,246,NaN,NaN,NaN,NaN,NaN
JU775,NaN,0,0,0,0,0,0,0,0,0,0,0,0,0,0,0,0,0,0,0,0,0,0,0,0,0,0,0,0,0,0,0,0
JU775,NaN,0,0,0,0,0,0,0,0,0,0,0,0,0,0,0,0,0,0,0,0,0,0,0,0,0,0,0,0,0,0,0,0
JU775,NaN,0,0,0,0,0,0,0,0,0,0,0,0,0,0,0,0,0,0,0,0,0,0,0,0,0,0,0,0,0,0,0,0
ED3017,21,86,144,112,193,119,39,0,157,565,127,10,NaN,NaN,NaN,NaN,NaN,0,0,98,145,104,53,0,89,827,1701,0,NaN,NaN,NaN,NaN,NaN
ED3017,18,68,154,130,42,112,115,0,231,121,17,NaN,NaN,NaN,NaN,NaN,NaN,0,79,125,0,142,120,20,226,31,324,NaN,NaN,NaN,NaN,NaN,NaN
ED3017,NaN,0,0,0,0,0,0,0,0,0,0,0,0,0,0,0,0,0,0,0,0,0,0,0,0,0,0,0,0,0,0,0,0
ED3017,18,112,47,382,91,57,43,13,180,19,81,NaN,NaN,NaN,NaN,NaN,NaN,0,109,69,118,76,8,802,123,70,85,NaN,NaN,NaN,NaN,NaN,NaN
ED3017,18,112,116,224,110,143,151,58,259,238,149,NaN,NaN,NaN,NaN,NaN,NaN,6,20,188,216,37,104,1837,158,196,69,NaN,NaN,NaN,NaN,NaN,NaN
ED3017,18,165,127,110,225,28,138,33,128,147,0,NaN,NaN,NaN,NaN,NaN,NaN,143,251,31,243,108,74,990,193,197,91,NaN,NaN,NaN,NaN,NaN,NaN
ED3017,18,127,241,58,732,187,157,29,1,19,39,NaN,NaN,NaN,NaN,NaN,NaN,23,139,169,639,149,88,37,127,4,82,NaN,NaN,NaN,NaN,NaN,NaN
ED3017,NaN,0,0,0,0,0,0,0,0,0,0,0,0,0,0,0,0,0,0,0,0,0,0,0,0,0,0,0,0,0,0,0,0
ED3017,18,138,123,130,227,58,147,11,186,45,142,NaN,NaN,NaN,NaN,NaN,NaN,1,114,191,592,213,157,142,115,0,99,NaN,NaN,NaN,NaN,NaN,NaN
ED3017,18,48,202,156,105,190,88,3,143,14,10,NaN,NaN,NaN,NaN,NaN,NaN,1,101,78,163,167,0,50,150,24,0,NaN,NaN,NaN,NaN,NaN,NaN
ED3017,24,185,251,344,206,129,127,12,116,49,73,0,68,NaN,NaN,NaN,NaN,158,248,273,267,175,53,235,225,67,75,0,0,NaN,NaN,NaN,NaN
ED3017,18,90,119,95,210,45,164,208,143,140,72,NaN,NaN,NaN,NaN,NaN,NaN,19,123,101,198,145,153,133,66,138,124,NaN,NaN,NaN,NaN,NaN,NaN
ED3017,18,78,101,121,75,84,162,61,32,46,0,NaN,NaN,NaN,NaN,NaN,NaN,31,105,87,60,95,100,88,95,55,24,NaN,NaN,NaN,NaN,NaN,NaN
ED3017,18,0,0,49,55,27,11,0,118,44,6,NaN,NaN,NaN,NaN,NaN,NaN,0,0,163,42,22,48,0,18,30,0,NaN,NaN,NaN,NaN,NaN,NaN
ED3017,14,0,135,28,1,10,226,76,NaN,NaN,NaN,NaN,NaN,NaN,NaN,NaN,NaN,0,247,50,61,0,31,13,NaN,NaN,NaN,NaN,NaN,NaN,NaN,NaN,NaN
ED3017,18,0,42,85,190,208,222,57,15,12,13,NaN,NaN,NaN,NaN,NaN,NaN,0,44,110,195,210,197,34,14,0,0,NaN,NaN,NaN,NaN,NaN,NaN
ED3017,NaN,0,0,0,0,0,0,0,0,0,0,0,0,0,0,0,0,0,0,0,0,0,0,0,0,0,0,0,0,0,0,0,0
ED3017,16,103,16,135,162,91,82,49,233,0,NaN,NaN,NaN,NaN,NaN,NaN,NaN,132,151,57,96,88,57,166,73,63,NaN,NaN,NaN,NaN,NaN,NaN,NaN
ED3017,24,67,176,176,229,175,0,189,18,106,0,0,9,NaN,NaN,NaN,NaN,32,139,209,180,181,94,148,1,134,0,0,0,NaN,NaN,NaN,NaN
ED3017,NaN,0,0,0,0,0,0,0,0,0,0,0,0,0,0,0,0,0,0,0,0,0,0,0,0,0,0,0,0,0,0,0,0
MY16,24,0,116,49,49,20,215,51,16,448,130,20,4,NaN,NaN,NaN,NaN,110,20,40,0,240,160,170,151,38,1267,0,6,NaN,NaN,NaN,NaN
MY16,21,148,184,125,113,120,164,28,91,34,147,0,NaN,NaN,NaN,NaN,NaN,62,72,35,29,96,268,38,97,106,84,15,NaN,NaN,NaN,NaN,NaN
MY16,21,65,80,94,0,84,51,106,79,26,121,43,NaN,NaN,NaN,NaN,NaN,0,27,42,0,48,146,156,66,87,3,0,NaN,NaN,NaN,NaN,NaN
MY16,18,122,17,109,60,120,86,308,107,37,1,NaN,NaN,NaN,NaN,NaN,NaN,108,19,19,15,40,60,1434,10,6,29,NaN,NaN,NaN,NaN,NaN,NaN
MY16,NaN,0,0,0,0,0,0,0,0,0,0,0,0,0,0,0,0,0,0,0,0,0,0,0,0,0,0,0,0,0,0,0,0
MY16,NaN,0,0,0,0,0,0,0,0,0,0,0,0,0,0,0,0,0,0,0,0,0,0,0,0,0,0,0,0,0,0,0,0
MY16,18,164,183,262,335,53,195,229,105,18,49,NaN,NaN,NaN,NaN,NaN,NaN,2,279,82,191,1,229,76,238,13,188,NaN,NaN,NaN,NaN,NaN,NaN
MY16,24,85,16,165,298,271,179,190,115,78,115,26,0,NaN,NaN,NaN,NaN,55,134,134,255,140,212,208,127,0,226,16,6,NaN,NaN,NaN,NaN
MY16,21,177,198,177,317,305,150,290,223,200,21,0,NaN,NaN,NaN,NaN,NaN,11,100,264,230,405,110,211,149,52,16,37,NaN,NaN,NaN,NaN,NaN
MY16,21,142,37,100,206,242,251,62,87,21,0,7,NaN,NaN,NaN,NaN,NaN,27,167,250,263,268,338,94,108,143,0,0,NaN,NaN,NaN,NaN,NaN
MY16,NaN,0,0,0,0,0,0,0,0,0,0,0,0,0,0,0,0,0,0,0,0,0,0,0,0,0,0,0,0,0,0,0,0
MY16,NaN,0,0,0,0,0,0,0,0,0,0,0,0,0,0,0,0,0,0,0,0,0,0,0,0,0,0,0,0,0,0,0,0
MY16,NaN,0,0,0,0,0,0,0,0,0,0,0,0,0,0,0,0,0,0,0,0,0,0,0,0,0,0,0,0,0,0,0,0
MY16,16,63,21,154,48,90,9,1,6,8,NaN,NaN,NaN,NaN,NaN,NaN,NaN,23,85,145,7,41,142,0,7,14,NaN,NaN,NaN,NaN,NaN,NaN,NaN
MY16,NaN,0,0,0,0,0,0,0,0,0,0,0,0,0,0,0,0,0,0,0,0,0,0,0,0,0,0,0,0,0,0,0,0
MY16,24,2,63,41,97,42,77,43,86,203,171,0,7,NaN,NaN,NaN,NaN,123,44,21,159,135,233,12,53,84,48,0,0,NaN,NaN,NaN,NaN
MY16,NaN,0,0,0,0,0,0,0,0,0,0,0,0,0,0,0,0,0,0,0,0,0,0,0,0,0,0,0,0,0,0,0,0
MY16,16,0,2,32,0,30,90,0,136,29,NaN,NaN,NaN,NaN,NaN,NaN,NaN,0,0,3,19,15,97,0,99,0,NaN,NaN,NaN,NaN,NaN,NaN,NaN
MY16,18,97,13,62,25,38,36,121,6,42,72,NaN,NaN,NaN,NaN,NaN,NaN,78,30,144,19,108,206,118,145,154,18,NaN,NaN,NaN,NaN,NaN,NaN
MY16,14,2,4,22,24,82,68,5,NaN,NaN,NaN,NaN,NaN,NaN,NaN,NaN,NaN,5,0,17,0,81,110,15,NaN,NaN,NaN,NaN,NaN,NaN,NaN,NaN,NaN
CB4856,21,89,95,138,206,48,0,7,0,57,21,124,NaN,NaN,NaN,NaN,NaN,34,58,14,0,0,94,18,0,1025,746,103,NaN,NaN,NaN,NaN,NaN
CB4856,18,89,148,93,94,87,56,38,0,0,0,NaN,NaN,NaN,NaN,NaN,NaN,107,103,52,0,0,48,50,0,373,218,NaN,NaN,NaN,NaN,NaN,NaN
CB4856,18,0,70,17,59,27,0,0,0,12,46,NaN,NaN,NaN,NaN,NaN,NaN,0,0,204,68,6,0,0,0,5,0,NaN,NaN,NaN,NaN,NaN,NaN
CB4856,18,42,129,121,50,178,67,57,95,139,46,NaN,NaN,NaN,NaN,NaN,NaN,11,133,1183,131,94,0,589,131,57,0,NaN,NaN,NaN,NaN,NaN,NaN
CB4856,21,126,164,55,28,194,157,11,184,32,10,0,NaN,NaN,NaN,NaN,NaN,104,59,63,68,115,100,2074,166,24,8,53,NaN,NaN,NaN,NaN,NaN
CB4856,18,202,169,57,34,117,252,126,259,0,34,NaN,NaN,NaN,NaN,NaN,NaN,145,182,50,63,214,213,1354,127,29,3,NaN,NaN,NaN,NaN,NaN,NaN
CB4856,24,147,143,245,40,108,108,174,64,298,0,32,90,NaN,NaN,NaN,NaN,84,37,129,132,131,152,170,169,30,15,0,26,NaN,NaN,NaN,NaN
CB4856,18,203,226,222,214,174,265,7,215,200,62,NaN,NaN,NaN,NaN,NaN,NaN,166,208,243,1316,112,244,102,262,153,42,NaN,NaN,NaN,NaN,NaN,NaN
CB4856,18,140,31,193,46,104,290,110,166,37,95,NaN,NaN,NaN,NaN,NaN,NaN,146,214,394,1514,121,242,244,84,72,139,NaN,NaN,NaN,NaN,NaN,NaN
CB4856,18,187,142,116,186,40,100,129,112,26,130,NaN,NaN,NaN,NaN,NaN,NaN,13,202,6,716,86,82,38,166,0,155,NaN,NaN,NaN,NaN,NaN,NaN
CB4856,16,184,81,143,142,65,48,0,4,25,NaN,NaN,NaN,NaN,NaN,NaN,NaN,18,130,218,29,102,19,52,55,118,NaN,NaN,NaN,NaN,NaN,NaN,NaN
CB4856,15,140,183,97,217,197,203,112,54,NaN,NaN,NaN,NaN,NaN,NaN,NaN,NaN,72,98,114,119,45,266,155,23,NaN,NaN,NaN,NaN,NaN,NaN,NaN,NaN
CB4856,16,51,119,126,21,53,6,2,52,136,NaN,NaN,NaN,NaN,NaN,NaN,NaN,42,59,186,47,65,79,0,0,103,NaN,NaN,NaN,NaN,NaN,NaN,NaN
CB4856,16,38,22,172,42,100,162,0,70,90,NaN,NaN,NaN,NaN,NaN,NaN,NaN,70,78,108,5,266,141,0,146,0,NaN,NaN,NaN,NaN,NaN,NaN,NaN
CB4856,24,227,332,248,261,199,386,305,31,46,0,0,0,NaN,NaN,NaN,NaN,81,281,88,279,378,246,147,106,54,0,0,84,NaN,NaN,NaN,NaN
CB4856,15,120,204,175,147,0,32,0,0,NaN,NaN,NaN,NaN,NaN,NaN,NaN,NaN,150,169,159,180,3,6,97,83,NaN,NaN,NaN,NaN,NaN,NaN,NaN,NaN
CB4856,18,128,170,66,111,41,220,0,26,22,0,NaN,NaN,NaN,NaN,NaN,NaN,126,83,110,239,87,199,0,40,0,5,NaN,NaN,NaN,NaN,NaN,NaN
CB4856,18,28,21,166,207,102,209,31,156,27,36,NaN,NaN,NaN,NaN,NaN,NaN,41,28,163,1,14,177,52,18,20,0,NaN,NaN,NaN,NaN,NaN,NaN
CB4856,NaN,0,0,0,0,0,0,0,0,0,0,0,0,0,0,0,0,0,0,0,0,0,0,0,0,0,0,0,0,0,0,0,0
CB4856,18,105,221,194,41,152,57,0,0,2,73,NaN,NaN,NaN,NaN,NaN,NaN,155,68,215,126,46,125,121,0,0,0,NaN,NaN,NaN,NaN,NaN,NaN
MY23,24,185,18,256,97,210,248,88,0,0,0,0,12,NaN,NaN,NaN,NaN,20,28,239,74,16,41,46,6,0,0,0,36,NaN,NaN,NaN,NaN
MY23,21,124,99,163,37,106,88,60,32,0,0,90,NaN,NaN,NaN,NaN,NaN,133,0,77,237,213,96,108,82,0,0,0,NaN,NaN,NaN,NaN,NaN
MY23,12,34,28,19,0,1,150,NaN,NaN,NaN,NaN,NaN,NaN,NaN,NaN,NaN,NaN,16,102,23,18,0,23,NaN,NaN,NaN,NaN,NaN,NaN,NaN,NaN,NaN,NaN
MY23,14,107,76,144,8,102,117,0,NaN,NaN,NaN,NaN,NaN,NaN,NaN,NaN,NaN,63,139,102,40,156,135,27,NaN,NaN,NaN,NaN,NaN,NaN,NaN,NaN,NaN
MY23,15,66,50,51,67,122,157,114,20,NaN,NaN,NaN,NaN,NaN,NaN,NaN,NaN,10,60,21,23,15,154,0,42,NaN,NaN,NaN,NaN,NaN,NaN,NaN,NaN
MY23,15,113,35,55,137,116,107,55,120,NaN,NaN,NaN,NaN,NaN,NaN,NaN,NaN,22,79,5,214,49,70,66,41,NaN,NaN,NaN,NaN,NaN,NaN,NaN,NaN
MY23,15,140,152,220,305,141,114,162,67,NaN,NaN,NaN,NaN,NaN,NaN,NaN,NaN,151,42,185,255,108,227,100,5,NaN,NaN,NaN,NaN,NaN,NaN,NaN,NaN
MY23,15,69,26,95,103,43,46,54,23,NaN,NaN,NaN,NaN,NaN,NaN,NaN,NaN,120,135,7,130,45,52,94,0,NaN,NaN,NaN,NaN,NaN,NaN,NaN,NaN
MY23,18,7,86,108,100,4,78,129,80,8,8,NaN,NaN,NaN,NaN,NaN,NaN,0,169,91,7,0,66,58,5,5,0,NaN,NaN,NaN,NaN,NaN,NaN
MY23,18,88,106,31,157,74,184,185,112,0,8,NaN,NaN,NaN,NaN,NaN,NaN,30,152,126,32,21,69,184,95,0,0,NaN,NaN,NaN,NaN,NaN,NaN
MY23,18,0,30,45,61,66,18,92,1,0,12,NaN,NaN,NaN,NaN,NaN,NaN,0,33,22,126,164,13,104,0,11,0,NaN,NaN,NaN,NaN,NaN,NaN
MY23,21,63,130,164,313,202,248,160,181,87,21,39,NaN,NaN,NaN,NaN,NaN,24,159,124,129,333,127,175,123,134,54,0,NaN,NaN,NaN,NaN,NaN
MY23,29.5,176,275,278,191,345,64,42,103,0,69,0,52,0,0,NaN,NaN,15,146,79,56,293,68,7,110,13,153,0,7,0,88,NaN,NaN
MY23,16,95,2,8,18,3,33,0,74,3,NaN,NaN,NaN,NaN,NaN,NaN,NaN,70,40,0,75,16,4,0,50,16,NaN,NaN,NaN,NaN,NaN,NaN,NaN
MY23,15,145,136,5,180,89,92,25,205,NaN,NaN,NaN,NaN,NaN,NaN,NaN,NaN,95,73,71,262,28,41,44,84,NaN,NaN,NaN,NaN,NaN,NaN,NaN,NaN
MY23,24,83,191,194,249,307,228,37,63,0,0,0,6,NaN,NaN,NaN,NaN,161,149,134,293,0,195,86,4,0,0,0,0,NaN,NaN,NaN,NaN
MY23,14,134,150,175,112,242,104,71,NaN,NaN,NaN,NaN,NaN,NaN,NaN,NaN,NaN,107,161,143,117,31,178,113,NaN,NaN,NaN,NaN,NaN,NaN,NaN,NaN,NaN
MY23,14,130,184,93,102,193,148,115,NaN,NaN,NaN,NaN,NaN,NaN,NaN,NaN,NaN,126,167,6,50,255,173,90,NaN,NaN,NaN,NaN,NaN,NaN,NaN,NaN,NaN
MY23,16,82,136,269,316,94,235,1,156,6,NaN,NaN,NaN,NaN,NaN,NaN,NaN,123,144,182,16,197,144,120,53,5,NaN,NaN,NaN,NaN,NaN,NaN,NaN
MY23,16,0,0,9,212,123,16,0,100,24,NaN,NaN,NaN,NaN,NaN,NaN,NaN,0,18,5,25,0,61,95,46,11,NaN,NaN,NaN,NaN,NaN,NaN,NaN
DL238,NaN,0,0,0,0,0,0,0,0,0,0,0,0,0,0,0,0,0,0,0,0,0,0,0,0,0,0,0,0,0,0,0,0
DL238,NaN,0,0,0,0,0,0,0,0,0,0,0,0,0,0,0,0,0,0,0,0,0,0,0,0,0,0,0,0,0,0,0,0
DL238,18,124,32,199,20,55,49,233,4,1,112,NaN,NaN,NaN,NaN,NaN,NaN,187,64,285,53,98,71,241,62,34,215,NaN,NaN,NaN,NaN,NaN,NaN
DL238,18,0,49,0,102,244,249,285,30,35,17,NaN,NaN,NaN,NaN,NaN,NaN,0,67,16,268,313,190,225,2,18,0,NaN,NaN,NaN,NaN,NaN,NaN
DL238,15,154,49,190,173,217,116,50,47,NaN,NaN,NaN,NaN,NaN,NaN,NaN,NaN,138,27,79,218,266,108,8,58,NaN,NaN,NaN,NaN,NaN,NaN,NaN,NaN
DL238,18,39,110,36,88,0,107,55,3,0,0,NaN,NaN,NaN,NaN,NaN,NaN,35,38,44,75,0,9,54,6,65,163,NaN,NaN,NaN,NaN,NaN,NaN
DL238,21,213,242,109,88,131,76,45,180,63,2,34,NaN,NaN,NaN,NaN,NaN,225,106,172,31,56,196,33,155,213,60,15,NaN,NaN,NaN,NaN,NaN
DL238,NaN,0,0,0,0,0,0,0,0,0,0,0,0,0,0,0,0,0,0,0,0,0,0,0,0,0,0,0,0,0,0,0,0
DL238,16,70,145,42,21,51,176,93,24,5,NaN,NaN,NaN,NaN,NaN,NaN,NaN,101,202,1,136,67,39,0,66,8,NaN,NaN,NaN,NaN,NaN,NaN,NaN
DL238,21,162,129,28,130,255,102,55,115,14,0,12,NaN,NaN,NaN,NaN,NaN,14,227,37,61,225,182,105,127,55,0,0,NaN,NaN,NaN,NaN,NaN
DL238,NaN,0,0,0,0,0,0,0,0,0,0,0,0,0,0,0,0,0,0,0,0,0,0,0,0,0,0,0,0,0,0,0,0
DL238,16,242,157,68,215,121,125,144,130,8,NaN,NaN,NaN,NaN,NaN,NaN,NaN,234,148,75,356,98,72,127,0,162,NaN,NaN,NaN,NaN,NaN,NaN,NaN
DL238,18,52,114,32,213,57,69,0,38,0,64,NaN,NaN,NaN,NaN,NaN,NaN,91,123,59,270,154,124,0,0,0,0,NaN,NaN,NaN,NaN,NaN,NaN
DL238,14,148,34,41,134,32,0,91,NaN,NaN,NaN,NaN,NaN,NaN,NaN,NaN,NaN,96,83,61,158,130,138,4,NaN,NaN,NaN,NaN,NaN,NaN,NaN,NaN,NaN
DL238,16,195,80,169,220,90,98,205,171,121,NaN,NaN,NaN,NaN,NaN,NaN,NaN,212,81,37,168,179,155,19,316,121,NaN,NaN,NaN,NaN,NaN,NaN,NaN
DL238,18,5,291,238,162,73,153,103,194,0,109,NaN,NaN,NaN,NaN,NaN,NaN,0,48,226,140,118,419,121,32,0,122,NaN,NaN,NaN,NaN,NaN,NaN
DL238,15,0,53,87,34,1,181,108,28,NaN,NaN,NaN,NaN,NaN,NaN,NaN,NaN,0,65,79,35,23,187,8,0,NaN,NaN,NaN,NaN,NaN,NaN,NaN,NaN
DL238,15,0,97,206,0,0,21,119,21,NaN,NaN,NaN,NaN,NaN,NaN,NaN,NaN,0,132,157,14,9,205,69,0,NaN,NaN,NaN,NaN,NaN,NaN,NaN,NaN
DL238,15,0,0,251,53,0,157,29,83,NaN,NaN,NaN,NaN,NaN,NaN,NaN,NaN,0,115,331,24,0,159,25,73,NaN,NaN,NaN,NaN,NaN,NaN,NaN,NaN
DL238,16,177,72,245,29,0,291,112,182,32,NaN,NaN,NaN,NaN,NaN,NaN,NaN,229,318,159,68,6,252,128,126,26,NaN,NaN,NaN,NaN,NaN,NaN,NaN
JU258,18,162,122,111,95,26,151,65,10,0,228,NaN,NaN,NaN,NaN,NaN,NaN,146,128,136,32,96,30,111,9,0,0,NaN,NaN,NaN,NaN,NaN,NaN
JU258,NaN,0,0,0,0,0,0,0,0,0,0,0,0,0,0,0,0,0,0,0,0,0,0,0,0,0,0,0,0,0,0,0,0
JU258,16,107,204,83,54,167,19,896,147,28,NaN,NaN,NaN,NaN,NaN,NaN,NaN,7,197,60,7,134,31,74,92,0,NaN,NaN,NaN,NaN,NaN,NaN,NaN
JU258,NaN,0,0,0,0,0,0,0,0,0,0,0,0,0,0,0,0,0,0,0,0,0,0,0,0,0,0,0,0,0,0,0,0
JU258,18,2,181,3,114,209,37,163,36,15,213,NaN,NaN,NaN,NaN,NaN,NaN,0,134,44,23,30,0,0,0,21,89,NaN,NaN,NaN,NaN,NaN,NaN
JU258,18,210,92,99,156,155,189,111,254,29,126,NaN,NaN,NaN,NaN,NaN,NaN,171,204,101,139,70,168,115,146,134,84,NaN,NaN,NaN,NaN,NaN,NaN
JU258,NaN,0,0,0,0,0,0,0,0,0,0,0,0,0,0,0,0,0,0,0,0,0,0,0,0,0,0,0,0,0,0,0,0
JU258,NaN,0,0,0,0,0,0,0,0,0,0,0,0,0,0,0,0,0,0,0,0,0,0,0,0,0,0,0,0,0,0,0,0
JU258,15,82,103,86,0,65,156,0,20,NaN,NaN,NaN,NaN,NaN,NaN,NaN,NaN,0,7,53,46,126,51,15,0,NaN,NaN,NaN,NaN,NaN,NaN,NaN,NaN
JU258,14,1,124,65,164,44,101,0,NaN,NaN,NaN,NaN,NaN,NaN,NaN,NaN,NaN,0,125,99,89,135,0,21,NaN,NaN,NaN,NaN,NaN,NaN,NaN,NaN,NaN
JU258,24,209,221,265,204,26,216,280,149,208,152,24,20,NaN,NaN,NaN,NaN,118,210,206,161,50,282,164,182,142,103,0,0,NaN,NaN,NaN,NaN
JU258,NaN,0,0,0,0,0,0,0,0,0,0,0,0,0,0,0,0,0,0,0,0,0,0,0,0,0,0,0,0,0,0,0,0
JU258,NaN,0,0,0,0,0,0,0,0,0,0,0,0,0,0,0,0,0,0,0,0,0,0,0,0,0,0,0,0,0,0,0,0
JU258,15,31,8,97,96,64,27,50,47,NaN,NaN,NaN,NaN,NaN,NaN,NaN,NaN,14,5,36,28,9,0,2,26,NaN,NaN,NaN,NaN,NaN,NaN,NaN,NaN
JU258,NaN,0,0,0,0,0,0,0,0,0,0,0,0,0,0,0,0,0,0,0,0,0,0,0,0,0,0,0,0,0,0,0,0
JU258,18,28,134,112,107,37,61,33,42,2,9,NaN,NaN,NaN,NaN,NaN,NaN,0,131,8,49,74,34,9,16,48,64,NaN,NaN,NaN,NaN,NaN,NaN
JU258,NaN,0,0,0,0,0,0,0,0,0,0,0,0,0,0,0,0,0,0,0,0,0,0,0,0,0,0,0,0,0,0,0,0
JU258,NaN,0,0,0,0,0,0,0,0,0,0,0,0,0,0,0,0,0,0,0,0,0,0,0,0,0,0,0,0,0,0,0,0
JU258,NaN,0,0,0,0,0,0,0,0,0,0,0,0,0,0,0,0,0,0,0,0,0,0,0,0,0,0,0,0,0,0,0,0
JU258,NaN,0,0,0,0,0,0,0,0,0,0,0,0,0,0,0,0,0,0,0,0,0,0,0,0,0,0,0,0,0,0,0,0