III,12670756,G,T,3_prime_utr,WBGene00006389,Y111B2A.16.1,protein_coding,"","","",XZ1516,,,,taf-7.2,LOW,
III,12670756,G,T,3_prime_utr,WBGene00006389,Y111B2A.16.2,protein_coding,"","","",XZ1516,,,,taf-7.2,LOW,
III,12670759,GTTTC,G,3_prime_utr,WBGene00006389,Y111B2A.16.1,protein_coding,"","","",ECA1196,,,,taf-7.2,LOW,
III,12670759,GTTTC,G,3_prime_utr,WBGene00006389,Y111B2A.16.2,protein_coding,"","","",ECA1196,,,,taf-7.2,LOW,
III,12670765,T,C,3_prime_utr,WBGene00006389,Y111B2A.16.1,protein_coding,"","","","JU2841,QG2811,QG4103",,,,taf-7.2,LOW,
III,12670765,T,C,3_prime_utr,WBGene00006389,Y111B2A.16.2,protein_coding,"","","","JU2841,QG2811,QG4103",,,,taf-7.2,LOW,
III,12670769,C,T,3_prime_utr,WBGene00006389,Y111B2A.16.1,protein_coding,"","","",ECA1284,,,,taf-7.2,LOW,
III,12670769,C,T,3_prime_utr,WBGene00006389,Y111B2A.16.2,protein_coding,"","","",ECA1284,,,,taf-7.2,LOW,
III,12670798,T,TA,3_prime_utr,WBGene00006389,Y111B2A.16.1,protein_coding,"","","","ECA760,ECA777,NIC1789,NIC1796,NIC1798,NIC1801,NIC1802,NIC251,QG2843,QG2873,QG2875,QG2877,ECA2041,NIC1790,QG4021,QG4193",,,,taf-7.2,LOW,
III,12670798,T,TA,3_prime_utr,WBGene00006389,Y111B2A.16.2,protein_coding,"","","","ECA760,ECA777,NIC1789,NIC1796,NIC1798,NIC1801,NIC1802,NIC251,QG2843,QG2873,QG2875,QG2877,ECA2041,NIC1790,QG4021,QG4193",,,,taf-7.2,LOW,
III,12670801,A,C,3_prime_utr,WBGene00006389,Y111B2A.16.1,protein_coding,"","","",QX1792,,,,taf-7.2,LOW,
III,12670801,A,C,3_prime_utr,WBGene00006389,Y111B2A.16.2,protein_coding,"","","",QX1792,,,,taf-7.2,LOW,
III,12670802,A,T,3_prime_utr,WBGene00006389,Y111B2A.16.1,protein_coding,"","","","ECA369,ECA1969",,,,taf-7.2,LOW,
III,12670802,A,T,3_prime_utr,WBGene00006389,Y111B2A.16.2,protein_coding,"","","","ECA369,ECA1969",,,,taf-7.2,LOW,
III,12670806,T,G,3_prime_utr,WBGene00006389,Y111B2A.16.1,protein_coding,"","","","ECA1185,ECA1191,ECA1193,ECA1194,ECA1195,ECA1238,ECA347,ECA1192,ECA1252",,,,taf-7.2,LOW,
III,12670806,T,G,3_prime_utr,WBGene00006389,Y111B2A.16.2,protein_coding,"","","","ECA1185,ECA1191,ECA1193,ECA1194,ECA1195,ECA1238,ECA347,ECA1192,ECA1252",,,,taf-7.2,LOW,
III,12670809,CG,C,3_prime_utr,WBGene00006389,Y111B2A.16.1,protein_coding,"","","","ECA1212,ECA1216,ECA1223,ECA745,ECA1202",,,,taf-7.2,LOW,
III,12670809,CG,C,3_prime_utr,WBGene00006389,Y111B2A.16.2,protein_coding,"","","","ECA1212,ECA1216,ECA1223,ECA745,ECA1202",,,,taf-7.2,LOW,
III,12670854,C,T,3_prime_utr,WBGene00006389,Y111B2A.16.1,protein_coding,"","","","ECA1853,ECA2332",,,,taf-7.2,LOW,
III,12670854,C,T,3_prime_utr,WBGene00006389,Y111B2A.16.2,protein_coding,"","","","ECA1853,ECA2332",,,,taf-7.2,LOW,
III,12670881,C,A,3_prime_utr,WBGene00006389,Y111B2A.16.1,protein_coding,"","","","ECA1293,ECA2073",,,,taf-7.2,LOW,
III,12670881,C,A,3_prime_utr,WBGene00006389,Y111B2A.16.2,protein_coding,"","","","ECA1293,ECA2073",,,,taf-7.2,LOW,
III,12670882,G,A,3_prime_utr,WBGene00006389,Y111B2A.16.1,protein_coding,"","","","ECA1228,ECA1281",,,,taf-7.2,LOW,
III,12670882,G,A,3_prime_utr,WBGene00006389,Y111B2A.16.2,protein_coding,"","","","ECA1228,ECA1281",,,,taf-7.2,LOW,
III,12670898,G,A,3_prime_utr,WBGene00006389,Y111B2A.16.1,protein_coding,"","","","ECA1185,ECA1186,ECA1191,ECA1193,ECA1194,ECA1195,ECA1208,ECA1212,ECA1216,ECA1223,ECA1225,ECA1228,ECA1229,ECA1232,ECA1237,ECA1238,ECA1240,ECA1242,ECA1251,ECA1253,ECA1278,ECA1281,ECA1283,ECA1287,ECA1289,ECA1293,ECA1493,ECA191,ECA347,ECA36,ECA363,ECA396,ECA722,ECA723,ECA724,ECA730,ECA740,ECA741,ECA742,ECA744,ECA745,NIC1779,QX1211,XZ1514,XZ1516,ECA1187,ECA1192,ECA1196,ECA1202,ECA1206,ECA1252,ECA1409,ECA1693,ECA1713,ECA1717,ECA1725,ECA1751,ECA1761,ECA1793,ECA1821,ECA1825,ECA1843,ECA1851,ECA1885,ECA1925,ECA1969,ECA1997,ECA2043,ECA2073,ECA2081,ECA2109,ECA2155,ECA2159,ECA2183,ECA2187,ECA2191,ECA2195,ECA2199,ECA2251,ECA2281,ECA2334,ECA2336,ECA2360,ECA2367,ECA2417,ECA2473,ECA2482,ECA2489,ECA2581",,,,taf-7.2,LOW,
III,12670898,G,A,3_prime_utr,WBGene00006389,Y111B2A.16.2,protein_coding,"","","","ECA1185,ECA1186,ECA1191,ECA1193,ECA1194,ECA1195,ECA1208,ECA1212,ECA1216,ECA1223,ECA1225,ECA1228,ECA1229,ECA1232,ECA1237,ECA1238,ECA1240,ECA1242,ECA1251,ECA1253,ECA1278,ECA1281,ECA1283,ECA1287,ECA1289,ECA1293,ECA1493,ECA191,ECA347,ECA36,ECA363,ECA396,ECA722,ECA723,ECA724,ECA730,ECA740,ECA741,ECA742,ECA744,ECA745,NIC1779,QX1211,XZ1514,XZ1516,ECA1187,ECA1192,ECA1196,ECA1202,ECA1206,ECA1252,ECA1409,ECA1693,ECA1713,ECA1717,ECA1725,ECA1751,ECA1761,ECA1793,ECA1821,ECA1825,ECA1843,ECA1851,ECA1885,ECA1925,ECA1969,ECA1997,ECA2043,ECA2073,ECA2081,ECA2109,ECA2155,ECA2159,ECA2183,ECA2187,ECA2191,ECA2195,ECA2199,ECA2251,ECA2281,ECA2334,ECA2336,ECA2360,ECA2367,ECA2417,ECA2473,ECA2482,ECA2489,ECA2581",,,,taf-7.2,LOW,
III,12670911,C,T,3_prime_utr,WBGene00006389,Y111B2A.16.1,protein_coding,"","","","ECA1240,ECA1242,ECA1251,ECA1253,ECA724,ECA1187",,,,taf-7.2,LOW,
III,12670911,C,T,3_prime_utr,WBGene00006389,Y111B2A.16.2,protein_coding,"","","","ECA1240,ECA1242,ECA1251,ECA1253,ECA724,ECA1187",,,,taf-7.2,LOW,
III,12670915,C,T,3_prime_utr,WBGene00006389,Y111B2A.16.1,protein_coding,"","","",ECA1229,,,,taf-7.2,LOW,
III,12670915,C,T,3_prime_utr,WBGene00006389,Y111B2A.16.2,protein_coding,"","","",ECA1229,,,,taf-7.2,LOW,
III,12670927,TTA,T,3_prime_utr,WBGene00006389,Y111B2A.16.1,protein_coding,"","","","ECA1843,ECA2367",,,,taf-7.2,LOW,
III,12670927,TTA,T,3_prime_utr,WBGene00006389,Y111B2A.16.2,protein_coding,"","","","ECA1843,ECA2367",,,,taf-7.2,LOW,
III,12670940,AT,A,3_prime_utr,WBGene00006389,Y111B2A.16.1,protein_coding,"","","",ECA2199,,,,taf-7.2,LOW,
III,12670940,AT,A,3_prime_utr,WBGene00006389,Y111B2A.16.2,protein_coding,"","","",ECA2199,,,,taf-7.2,LOW,
III,12670976,A,T,3_prime_utr,WBGene00006389,Y111B2A.16.1,protein_coding,"","","","ECA1261,ECA1276,ECA1286,ECA746,ECA807,ECA1891,ECA2443,ECA2475",,,,taf-7.2,LOW,
III,12670976,A,T,3_prime_utr,WBGene00006389,Y111B2A.16.2,protein_coding,"","","","ECA1261,ECA1276,ECA1286,ECA746,ECA807,ECA1891,ECA2443,ECA2475",,,,taf-7.2,LOW,
III,12671040,G,A,3_prime_utr,WBGene00006389,Y111B2A.16.1,protein_coding,"","","","ECA1237,ECA723",,,,taf-7.2,LOW,
III,12671040,G,A,3_prime_utr,WBGene00006389,Y111B2A.16.2,protein_coding,"","","","ECA1237,ECA723",,,,taf-7.2,LOW,
III,12671065,C,CA,3_prime_utr,WBGene00006389,Y111B2A.16.1,protein_coding,"","","","ECA1243,ECA1260,ECA1261,ECA1271,ECA1276,ECA706,ECA732,ECA733,ECA807,JU1440,JU1896,JU2017,JU2838,MY2573,NIC1049,NIC511,NIC523,WN2064,ECA2377,ECA2443,ECA2467,ECA2475,ECA2660,QG4008",,,,taf-7.2,LOW,
III,12671065,C,CA,3_prime_utr,WBGene00006389,Y111B2A.16.2,protein_coding,"","","","ECA1243,ECA1260,ECA1261,ECA1271,ECA1276,ECA706,ECA732,ECA733,ECA807,JU1440,JU1896,JU2017,JU2838,MY2573,NIC1049,NIC511,NIC523,WN2064,ECA2377,ECA2443,ECA2467,ECA2475,ECA2660,QG4008",,,,taf-7.2,LOW,
III,12671111,ATGATTTTTTCTGGGTATTTTTTTTCAGAATTTTAAGAAAAGTC,A,3_prime_utr,WBGene00006389,Y111B2A.16.1,protein_coding,"","","",JU3291,,,,taf-7.2,LOW,
III,12671111,ATGATTTTTTCTGGGTATTTTTTTTCAGAATTTTAAGAAAAGTC,A,3_prime_utr,WBGene00006389,Y111B2A.16.2,protein_coding,"","","",JU3291,,,,taf-7.2,LOW,
III,12671276,G,C,3_prime_utr,WBGene00006389,Y111B2A.16.1,protein_coding,"","","",QX1792,,,,taf-7.2,LOW,
III,12671278,C,A,3_prime_utr,WBGene00006389,Y111B2A.16.1,protein_coding,"","","","ECA1247,ECA1261,ECA1276,ECA1286,ECA746,ECA807,ECA1891,ECA1919,ECA2475",,,,taf-7.2,LOW,
III,12671305,T,TA,3_prime_utr,WBGene00006389,Y111B2A.16.1,protein_coding,"","","",MY2147,,,,taf-7.2,LOW,
III,12671305,T,TA,3_prime_utr,WBGene00006389,Y111B2A.16.2,protein_coding,"","","",MY2147,,,,taf-7.2,LOW,
III,12671512,G,T,3_prime_utr,WBGene00006389,Y111B2A.16.1,protein_coding,"","","","ECA1493,XZ1516,ECA1713,ECA2191,ECA2195",,,,taf-7.2,LOW,
III,12671512,G,T,3_prime_utr,WBGene00006389,Y111B2A.16.2,protein_coding,"","","","ECA1493,XZ1516,ECA1713,ECA2191,ECA2195",,,,taf-7.2,LOW,
III,12671603,C,T,missense,WBGene00006389,Y111B2A.16.1,protein_coding,-,216V>216I,12671603C>T,"ECA1293,ECA2073",3,29,91.53,taf-7.2,HIGH,
III,12671603,C,T,missense,WBGene00006389,Y111B2A.16.2,protein_coding,-,216V>216I,12671603C>T,"ECA1293,ECA2073",3,29,91.53,taf-7.2,HIGH,
III,12671712,C,T,synonymous,WBGene00006389,Y111B2A.16.1,protein_coding,-,179K,12671712C>T,"ECA1212,ECA1216,ECA1223,ECA1228,ECA1229,ECA1237,ECA1240,ECA1242,ECA1251,ECA1253,ECA1261,ECA1276,ECA1281,ECA1286,ECA1287,ECA191,ECA396,ECA722,ECA723,ECA724,ECA745,ECA746,ECA807,ECA1187,ECA1202,ECA1891,ECA1969,ECA2443,ECA2475",,,75.85,taf-7.2,LOW,
III,12671712,C,T,synonymous,WBGene00006389,Y111B2A.16.2,protein_coding,-,179K,12671712C>T,"ECA1212,ECA1216,ECA1223,ECA1228,ECA1229,ECA1237,ECA1240,ECA1242,ECA1251,ECA1253,ECA1261,ECA1276,ECA1281,ECA1286,ECA1287,ECA191,ECA396,ECA722,ECA723,ECA724,ECA745,ECA746,ECA807,ECA1187,ECA1202,ECA1891,ECA1969,ECA2443,ECA2475",,,75.85,taf-7.2,LOW,
III,12671715,C,T,synonymous,WBGene00006389,Y111B2A.16.1,protein_coding,-,178E,12671715C>T,ECA2199,,,75.42,taf-7.2,LOW,
III,12671715,C,T,synonymous,WBGene00006389,Y111B2A.16.2,protein_coding,-,178E,12671715C>T,ECA2199,,,75.42,taf-7.2,LOW,
III,12671739,C,T,synonymous,WBGene00006389,Y111B2A.16.1,protein_coding,-,170K,12671739C>T,ECA2091,,,72.03,taf-7.2,LOW,
III,12671739,C,T,synonymous,WBGene00006389,Y111B2A.16.2,protein_coding,-,170K,12671739C>T,ECA2091,,,72.03,taf-7.2,LOW,
III,12671802,G,A,synonymous,WBGene00006389,Y111B2A.16.1,protein_coding,-,149H,12671802G>A,"AB1,BRC20067,BRC20263,CB4852,CX11271,CX11276,CX11285,CX11292,ECA1069,ECA1074,ECA1186,ECA1243,ECA1260,ECA1269,ECA1271,ECA1284,CB4853,CB4857,CB4858,ECA349,ECA594,ECA706,ECA712,ECA760,ECA768,ECA777,ECA778,ECA812,ECA928,ED3011,ED3046,ED3048,ED3049,ED3052,ED3073,ED3077,EG4347,EG4349,EG4725,EG4946,GXW1,JU1212,JU1395,JU1400,JU1409,JU1440,JU1586,JU1896,JU2007,JU2016,JU2017,JU2141,JU2464,JU2466,JU2478,JU2513,JU2534,JU2578,JU2581,JU2593,JU2800,JU2811,JU2829,JU2838,JU2853,JU2862,JU2866,JU2879,JU2906,JU310,JU3127,JU3128,JU3135,JU3144,JU3224,JU3225,JU323,JU3318,JU346,JU360,JU394,JU642,JU751,JU830,KR314,MY1,MY10,MY2147,MY2212,MY2530,MY2573,MY2693,MY2713,MY2741,MY679,MY772,MY920,NIC1049,NIC1119,NIC1780,NIC1785,NIC1786,NIC1787,NIC1788,NIC1789,NIC1794,NIC1796,NIC1798,NIC1799,NIC1801,NIC1802,NIC1805,NIC1806,NIC1808,NIC1809,NIC1810,NIC1811,NIC1832,NIC231,NIC251,NIC266,NIC267,NIC268,NIC272,NIC274,NIC275,NIC276,NIC277,NIC3,NIC511,NIC513,NIC515,NIC522,NIC523,NIC528,NIC529,PX179,QG2818,QG2824,QG2841,QG2843,QG2850,QG2854,QG2855,QG2857,QG2873,QG2874,QG2875,QG2877,QG2932,QW947,QX1212,QX1791,QX1792,TWN2530,TWN2542,WN2002,WN2033,WN2050,WN2064,XZ1672,XZ1735,XZ2018,ECA1316,ECA1769,ECA1807,ECA1937,ECA1939,ECA1943,ECA1977,ECA2041,ECA2437,ECA2467,ECA2536,ECA2546,ECA2549,ECA2551,ECA2554,ECA2559,ECA2560,ECA2561,ECA2565,ECA2583,ECA2584,ECA2594,ECA2595,ECA2601,ECA2607,ECA2609,ECA2612,ECA2615,ECA2656,ECA2659,ECA2660,ECA2672,ECA2676,JU4073,NIC1782,NIC1790,NIC1791,NIC1792,QG4006,QG4008,QG4012,QG4021,QG4080,QG4135,QG4151,QG4193,QG4226,QG4228",,,63.14,taf-7.2,LOW,
III,12671802,G,A,synonymous,WBGene00006389,Y111B2A.16.2,protein_coding,-,149H,12671802G>A,"AB1,BRC20067,BRC20263,CB4852,CX11271,CX11276,CX11285,CX11292,ECA1069,ECA1074,ECA1186,ECA1243,ECA1260,ECA1269,ECA1271,ECA1284,CB4853,CB4857,CB4858,ECA349,ECA594,ECA706,ECA712,ECA760,ECA768,ECA777,ECA778,ECA812,ECA928,ED3011,ED3046,ED3048,ED3049,ED3052,ED3073,ED3077,EG4347,EG4349,EG4725,EG4946,GXW1,JU1212,JU1395,JU1400,JU1409,JU1440,JU1586,JU1896,JU2007,JU2016,JU2017,JU2141,JU2464,JU2466,JU2478,JU2513,JU2534,JU2578,JU2581,JU2593,JU2800,JU2811,JU2829,JU2838,JU2853,JU2862,JU2866,JU2879,JU2906,JU310,JU3127,JU3128,JU3135,JU3144,JU3224,JU3225,JU323,JU3318,JU346,JU360,JU394,JU642,JU751,JU830,KR314,MY1,MY10,MY2147,MY2212,MY2530,MY2573,MY2693,MY2713,MY2741,MY679,MY772,MY920,NIC1049,NIC1119,NIC1780,NIC1785,NIC1786,NIC1787,NIC1788,NIC1789,NIC1794,NIC1796,NIC1798,NIC1799,NIC1801,NIC1802,NIC1805,NIC1806,NIC1808,NIC1809,NIC1810,NIC1811,NIC1832,NIC231,NIC251,NIC266,NIC267,NIC268,NIC272,NIC274,NIC275,NIC276,NIC277,NIC3,NIC511,NIC513,NIC515,NIC522,NIC523,NIC528,NIC529,PX179,QG2818,QG2824,QG2841,QG2843,QG2850,QG2854,QG2855,QG2857,QG2873,QG2874,QG2875,QG2877,QG2932,QW947,QX1212,QX1791,QX1792,TWN2530,TWN2542,WN2002,WN2033,WN2050,WN2064,XZ1672,XZ1735,XZ2018,ECA1316,ECA1769,ECA1807,ECA1937,ECA1939,ECA1943,ECA1977,ECA2041,ECA2437,ECA2467,ECA2536,ECA2546,ECA2549,ECA2551,ECA2554,ECA2559,ECA2560,ECA2561,ECA2565,ECA2583,ECA2584,ECA2594,ECA2595,ECA2601,ECA2607,ECA2609,ECA2612,ECA2615,ECA2656,ECA2659,ECA2660,ECA2672,ECA2676,JU4073,NIC1782,NIC1790,NIC1791,NIC1792,QG4006,QG4008,QG4012,QG4021,QG4080,QG4135,QG4151,QG4193,QG4226,QG4228",,,63.14,taf-7.2,LOW,
III,12671826,C,T,synonymous,WBGene00006389,Y111B2A.16.1,protein_coding,-,141K,12671826C>T,ECA1229,,,59.75,taf-7.2,LOW,
III,12671826,C,T,synonymous,WBGene00006389,Y111B2A.16.2,protein_coding,-,141K,12671826C>T,ECA1229,,,59.75,taf-7.2,LOW,
III,12671851,G,A,missense,WBGene00006389,Y111B2A.16.1,protein_coding,-,133A>133V,12671851G>A,"DL238,CB4855,PB306,ECA923,QX1794",0,64,56.36,taf-7.2,HIGH,
III,12671851,G,A,missense,WBGene00006389,Y111B2A.16.2,protein_coding,-,133A>133V,12671851G>A,"DL238,CB4855,PB306,ECA923,QX1794",0,64,56.36,taf-7.2,HIGH,
III,12671877,A,G,synonymous,WBGene00006389,Y111B2A.16.1,protein_coding,-,124N,12671877A>G,"AB1,ECA1186,ECA1243,ECA1260,ECA1271,ECA1288,ECA706,ECA732,ECA733,EG4725,JU1212,JU1440,JU1896,JU2017,JU2141,JU2513,JU2838,JU2906,JU3135,JU394,MY2147,MY2212,MY2573,MY2693,MY2713,MY2741,MY772,NIC1049,NIC511,NIC522,NIC523,QX1791,WN2050,WN2064,XZ2018,ECA1943,ECA2377,ECA2437,ECA2467,ECA2607,ECA2612,ECA2659,ECA2660,QG4008",,,52.54,taf-7.2,LOW,
III,12671877,A,G,synonymous,WBGene00006389,Y111B2A.16.2,protein_coding,-,124N,12671877A>G,"AB1,ECA1186,ECA1243,ECA1260,ECA1271,ECA1288,ECA706,ECA732,ECA733,EG4725,JU1212,JU1440,JU1896,JU2017,JU2141,JU2513,JU2838,JU2906,JU3135,JU394,MY2147,MY2212,MY2573,MY2693,MY2713,MY2741,MY772,NIC1049,NIC511,NIC522,NIC523,QX1791,WN2050,WN2064,XZ2018,ECA1943,ECA2377,ECA2437,ECA2467,ECA2607,ECA2612,ECA2659,ECA2660,QG4008",,,52.54,taf-7.2,LOW,
III,12671903,G,A,missense,WBGene00006389,Y111B2A.16.1,protein_coding,-,116L>116F,12671903G>A,QG2850,0,22,49.15,taf-7.2,HIGH,
III,12671903,G,A,missense,WBGene00006389,Y111B2A.16.2,protein_coding,-,116L>116F,12671903G>A,QG2850,0,22,49.15,taf-7.2,HIGH,
III,12671922,G,A,synonymous,WBGene00006389,Y111B2A.16.1,protein_coding,-,109V,12671922G>A,"ECA1288,ECA732,ECA733,ECA2377",,,46.19,taf-7.2,LOW,
III,12671922,G,A,synonymous,WBGene00006389,Y111B2A.16.2,protein_coding,-,109V,12671922G>A,"ECA1288,ECA732,ECA733,ECA2377",,,46.19,taf-7.2,LOW,
III,12671935,C,T,missense,WBGene00006389,Y111B2A.16.1,protein_coding,-,105S>105N,12671935C>T,ECA1493,1,46,44.49,taf-7.2,HIGH,
III,12671935,C,T,missense,WBGene00006389,Y111B2A.16.2,protein_coding,-,105S>105N,12671935C>T,ECA1493,1,46,44.49,taf-7.2,HIGH,
III,12672098,T,C,missense,WBGene00006389,Y111B2A.16.1,protein_coding,-,51I>51V,12672098T>C,ECA722,3,29,21.61,taf-7.2,HIGH,
III,12672098,T,C,missense,WBGene00006389,Y111B2A.16.2,protein_coding,-,51I>51V,12672098T>C,ECA722,3,29,21.61,taf-7.2,HIGH,
III,12672135,G,A,synonymous,WBGene00006389,Y111B2A.16.1,protein_coding,-,38H,12672135G>A,"XZ1516,ECA2191,ECA2195",,,16.1,taf-7.2,LOW,
III,12672135,G,A,synonymous,WBGene00006389,Y111B2A.16.2,protein_coding,-,38H,12672135G>A,"XZ1516,ECA2191,ECA2195",,,16.1,taf-7.2,LOW,
III,12672155,G,T,missense,WBGene00006389,Y111B2A.16.1,protein_coding,-,32P>32T,12672155G>T,BRC20263,-1,38,13.56,taf-7.2,HIGH,
III,12672155,G,T,missense,WBGene00006389,Y111B2A.16.2,protein_coding,-,32P>32T,12672155G>T,BRC20263,-1,38,13.56,taf-7.2,HIGH,
III,12672164,A,C,missense,WBGene00006389,Y111B2A.16.1,protein_coding,-,29S>29A,12672164A>C,ECA1969,1,99,12.29,taf-7.2,HIGH,
III,12672164,A,C,missense,WBGene00006389,Y111B2A.16.2,protein_coding,-,29S>29A,12672164A>C,ECA1969,1,99,12.29,taf-7.2,HIGH,
III,12672208,A,T,splice_region,WBGene00006389,Y111B2A.16.1,protein_coding,"","","",ECA1769,,,,taf-7.2,HIGH,
III,12672208,A,T,splice_region,WBGene00006389,Y111B2A.16.2,protein_coding,"","","",ECA1769,,,,taf-7.2,HIGH,
III,12673419,G,T,5_prime_utr,WBGene00006389,Y111B2A.16.1,protein_coding,"","","","ECA1228,ECA1281",,,,taf-7.2,LOW,
III,12673419,G,T,5_prime_utr,WBGene00006389,Y111B2A.16.2,protein_coding,"","","","ECA1228,ECA1281",,,,taf-7.2,LOW,
